rank,compound_id_if_selected,smiles,mol_wt,logp,hbd,hba,rotatable_bonds,tpsa,n_heavy_atoms,rules_passed_of_4,selected_for_pilot_docking
1,deriv_000,CNc1cc(C2([S@](C)(=N)=O)CC2)nc2c1cnn2C1=NN=CC1,331.4050000000001,1.77477,2,7,3,108.38,23,4,yes
2,deriv_001,COc1cc(C2([S@](C)(=N)=O)CC2)nc2c1cnn2C1=NN=CC1,332.38900000000007,1.7416699999999998,1,7,3,105.58000000000001,23,4,yes
3,deriv_002,CNc1cc([C@]2(O)C[C@H]3CC[C@@H](C2)O3)nc2c1cnn2C1=NN=CC1,340.38700000000006,1.6381,2,7,2,96.91999999999999,25,4,yes
4,deriv_003,COc1cc([C@]2(O)C[C@H]3CC[C@@H](C2)O3)nc2c1cnn2C1=NN=CC1,341.37100000000004,1.6049999999999998,1,7,2,94.12,25,4,yes
5,deriv_004,CN(C)c1cc(C2([S@](C)(=N)=O)CC2)nc2c1cnn2C1=NN=CC1,345.432,1.79907,1,7,3,99.59,24,4,yes
6,deriv_005,CNCc1cc(C2([S@](C)(=N)=O)CC2)nc2c1cnn2C1=NN=CC1,345.432,1.4524699999999997,2,7,4,108.38,24,4,yes
7,deriv_006,COCc1cc(C2([S@](C)(=N)=O)CC2)nc2c1cnn2C1=NN=CC1,346.41600000000005,1.87947,1,7,4,105.58000000000001,24,4,yes
8,deriv_007,CNc1cccc(NC)c1-c1cc(NC)c2cnn(C3=NN=CC3)c2n1,348.4140000000001,2.8595000000000006,3,7,4,91.52,26,4,yes
9,deriv_008,CNc1cc(-c2c(NC)cccc2NC)c2cnn(C3=NN=CC3)c2n1,348.41400000000016,2.8595000000000006,3,7,4,91.52,26,4,yes
10,deriv_009,CNc1cccc(NC)c1-c1cc(OC)c2cnn(C3=NN=CC3)c2n1,349.3980000000001,2.8264000000000005,2,7,4,88.72,26,4,yes
11,deriv_010,CNc1cccc(NC)c1-c1cc(OC)nc2c1cnn2C1=NN=CC1,349.3980000000001,2.8264000000000005,2,7,4,88.72,26,4,yes
12,deriv_011,CNc1cccc(OC)c1-c1cc(NC)c2cnn(C3=NN=CC3)c2n1,349.3980000000001,2.8264000000000005,2,7,4,88.72,26,4,yes
13,deriv_012,CNc1cc(-c2c(NC)cccc2OC)c2cnn(C3=NN=CC3)c2n1,349.39800000000014,2.8264000000000005,2,7,4,88.72,26,4,yes
14,deriv_013,CNc1cc(-c2c(OC)cccc2OC)nc2c1cnn2C1=NN=CC1,350.38200000000006,2.7933000000000012,1,7,4,85.92,26,4,yes
15,deriv_014,CNc1cccc(OC)c1-c1cc(OC)c2cnn(C3=NN=CC3)c2n1,350.38200000000006,2.7933000000000003,1,7,4,85.92,26,4,yes
16,deriv_015,CNc1cccc(OC)c1-c1cc(OC)nc2c1cnn2C1=NN=CC1,350.38200000000006,2.7933000000000012,1,7,4,85.92,26,4,yes
17,deriv_016,CNc1cc(-c2c(OC)cccc2OC)c2cnn(C3=NN=CC3)c2n1,350.3820000000001,2.7933000000000003,1,7,4,85.92,26,4,yes
18,deriv_017,COc1cc(-c2c(OC)cccc2OC)c2cnn(C3=NN=CC3)c2n1,351.3660000000001,2.7602,0,7,4,83.11999999999999,26,4,yes
19,deriv_018,COc1cccc(OC)c1-c1cc(OC)c2cnn(C3=NN=CC3)c2n1,351.3660000000001,2.7602,0,7,4,83.11999999999999,26,4,yes
20,deriv_019,CN(C)c1cc([C@]2(O)C[C@H]3CC[C@@H](C2)O3)nc2c1cnn2C1=NN=CC1,354.41400000000004,1.6623999999999999,1,7,2,88.13000000000001,26,4,yes
21,deriv_020,CN(C)Cc1cc(C2([S@](C)(=N)=O)CC2)nc2c1cnn2C1=NN=CC1,359.45900000000006,1.79467,1,7,4,99.59,25,4,yes
22,deriv_021,CNc1cccc(N(C)C)c1-c1cc(NC)c2cnn(C3=NN=CC3)c2n1,362.4410000000001,2.883800000000001,2,7,4,82.73,27,4,yes
23,deriv_022,CNc1cccc(NC)c1-c1cc(N(C)C)c2cnn(C3=NN=CC3)c2n1,362.4410000000001,2.883800000000001,2,7,4,82.73,27,4,yes
24,deriv_023,CNc1cccc(NC)c1-c1cc(N(C)C)nc2c1cnn2C1=NN=CC1,362.4410000000001,2.883800000000001,2,7,4,82.73,27,4,yes
25,deriv_024,CNc1cc(-c2c(NC)cccc2N(C)C)c2cnn(C3=NN=CC3)c2n1,362.44100000000014,2.883800000000001,2,7,4,82.73,27,4,yes
26,deriv_025,CNc1cc(-c2c(OC)cccc2N(C)C)nc2c1cnn2C1=NN=CC1,363.42500000000007,2.8507000000000007,1,7,4,79.92999999999999,27,4,yes
27,deriv_026,CNc1cccc(N(C)C)c1-c1cc(OC)c2cnn(C3=NN=CC3)c2n1,363.42500000000007,2.8507000000000007,1,7,4,79.92999999999999,27,4,yes
28,deriv_027,CNc1cccc(N(C)C)c1-c1cc(OC)nc2c1cnn2C1=NN=CC1,363.42500000000007,2.8507000000000007,1,7,4,79.92999999999999,27,4,yes
29,deriv_028,CNc1cccc(OC)c1-c1cc(N(C)C)c2cnn(C3=NN=CC3)c2n1,363.42500000000007,2.8507000000000007,1,7,4,79.92999999999999,27,4,yes
30,deriv_029,CNc1cccc(OC)c1-c1cc(N(C)C)nc2c1cnn2C1=NN=CC1,363.42500000000007,2.8507000000000007,1,7,4,79.92999999999999,27,4,yes
31,deriv_030,CNc1cc(-c2c(OC)cccc2N(C)C)c2cnn(C3=NN=CC3)c2n1,363.4250000000001,2.8507000000000007,1,7,4,79.92999999999999,27,4,yes
32,deriv_031,COc1cc(-c2c(OC)cccc2N(C)C)c2cnn(C3=NN=CC3)c2n1,364.4090000000001,2.8176000000000005,0,7,4,77.13000000000001,27,4,yes
33,deriv_032,COc1cccc(N(C)C)c1-c1cc(OC)c2cnn(C3=NN=CC3)c2n1,364.4090000000001,2.8176000000000014,0,7,4,77.13000000000001,27,4,yes
34,deriv_033,COc1cccc(OC)c1-c1cc(N(C)C)c2cnn(C3=NN=CC3)c2n1,364.4090000000001,2.8176000000000005,0,7,4,77.13000000000001,27,4,yes
35,deriv_034,COc1cccc(OC)c1-c1cc(N(C)C)nc2c1cnn2C1=NN=CC1,364.4090000000001,2.8176000000000005,0,7,4,77.13000000000001,27,4,yes
36,,CNc1cccc(N(C)C)c1-c1cc(N(C)C)c2cnn(C3=NN=CC3)c2n1,376.4680000000001,2.908100000000001,1,7,4,73.94,28,4,no
37,,CNc1cc(-c2c(N(C)C)cccc2N(C)C)c2cnn(C3=NN=CC3)c2n1,376.46800000000013,2.908100000000001,1,7,4,73.94,28,4,no
38,,CNc1cc(-c2c(N(C)C)cccc2N(C)C)nc2c1cnn2C1=NN=CC1,376.46800000000013,2.908100000000001,1,7,4,73.94,28,4,no
39,,CNc1cccc(N(C)C)c1-c1cc(N(C)C)nc2c1cnn2C1=NN=CC1,376.46800000000013,2.908100000000001,1,7,4,73.94,28,4,no
40,,COc1cc(-c2c(N(C)C)cccc2N(C)C)c2cnn(C3=NN=CC3)c2n1,377.4520000000001,2.8750000000000018,0,7,4,71.14,28,4,no
41,,COc1cccc(N(C)C)c1-c1cc(N(C)C)c2cnn(C3=NN=CC3)c2n1,377.4520000000001,2.8750000000000018,0,7,4,71.14,28,4,no
42,,COc1cccc(N(C)C)c1-c1cc(N(C)C)nc2c1cnn2C1=NN=CC1,377.4520000000001,2.8750000000000018,0,7,4,71.14,28,4,no
43,,COc1cc(-c2c(N(C)C)cccc2N(C)C)nc2c1cnn2C1=NN=CC1,377.45200000000017,2.8750000000000018,0,7,4,71.14,28,4,no
44,,CNC[C@@H](C)Nc1cc(C2([S@](C)(=N)=O)CC2)nc2c1cnn2C1=NN=CC1,388.5010000000001,1.7528699999999995,3,8,6,120.41,27,4,no
45,,CN[C@H](C)CNc1cc(C2([S@](C)(=N)=O)CC2)nc2c1cnn2C1=NN=CC1,388.5010000000001,1.7528699999999995,3,8,6,120.41,27,4,no
46,,CNC[C@@H](C)Oc1cc(C2([S@](C)(=N)=O)CC2)nc2c1cnn2C1=NN=CC1,389.4850000000001,1.7197699999999998,2,8,6,117.60999999999999,27,4,no
47,,CN[C@H](C)COc1cc(C2([S@](C)(=N)=O)CC2)nc2c1cnn2C1=NN=CC1,389.4850000000001,1.7197699999999998,2,8,6,117.60999999999999,27,4,no
48,,COC[C@@H](C)Nc1cc(C2([S@](C)(=N)=O)CC2)nc2c1cnn2C1=NN=CC1,389.4850000000001,2.17987,2,8,6,117.60999999999999,27,4,no
49,,CO[C@H](C)CNc1cc(C2([S@](C)(=N)=O)CC2)nc2c1cnn2C1=NN=CC1,389.4850000000001,2.17987,2,8,6,117.60999999999999,27,4,no
50,,COC[C@@H](C)Oc1cc(C2([S@](C)(=N)=O)CC2)nc2c1cnn2C1=NN=CC1,390.4690000000001,2.14677,1,8,6,114.81,27,4,no
51,,CO[C@H](C)COc1cc(C2([S@](C)(=N)=O)CC2)nc2c1cnn2C1=NN=CC1,390.4690000000001,2.14677,1,8,6,114.81,27,4,no
52,,CN(C)c1cc(-c2c(N(C)C)cccc2N(C)C)c2cnn(C3=NN=CC3)c2n1,390.4950000000001,2.9324000000000012,0,7,4,65.15,29,4,no
53,,CN(C)c1cccc(N(C)C)c1-c1cc(N(C)C)c2cnn(C3=NN=CC3)c2n1,390.4950000000001,2.9324000000000012,0,7,4,65.15,29,4,no
54,,CNC[C@@H](C)Nc1cc([C@]2(O)C[C@H]3CC[C@@H](C2)O3)nc2c1cnn2C1=NN=CC1,397.48300000000006,1.6161999999999999,3,8,5,108.94999999999999,29,4,no
55,,CN[C@H](C)CNc1cc([C@]2(O)C[C@H]3CC[C@@H](C2)O3)nc2c1cnn2C1=NN=CC1,397.48300000000006,1.6161999999999999,3,8,5,108.94999999999999,29,4,no
56,,COC[C@@H](C)Nc1cc([C@]2(O)C[C@H]3CC[C@@H](C2)O3)nc2c1cnn2C1=NN=CC1,398.4670000000001,2.0431999999999997,2,8,5,106.15,29,4,no
57,,CO[C@H](C)CNc1cc([C@]2(O)C[C@H]3CC[C@@H](C2)O3)nc2c1cnn2C1=NN=CC1,398.4670000000001,2.0431999999999997,2,8,5,106.15,29,4,no
58,,C[C@@H]1COCCN1c1cc(C2([S@](C)(=N)=O)CC2)nc2c1cnn2C1=NN=CC1,401.4960000000001,1.95817,1,8,3,108.82,28,4,no
59,,C[C@H](CNc1cc(C2([S@](C)(=N)=O)CC2)nc2c1cnn2C1=NN=CC1)N(C)C,402.5280000000001,2.09507,2,8,6,111.61999999999999,28,4,no
60,,C[C@H](CN(C)C)Nc1cc(C2([S@](C)(=N)=O)CC2)nc2c1cnn2C1=NN=CC1,402.52800000000013,2.0950699999999998,2,8,6,111.62,28,4,no
61,,C[C@H](CN(C)C)Oc1cc(C2([S@](C)(=N)=O)CC2)nc2c1cnn2C1=NN=CC1,403.5120000000001,2.0619699999999996,1,8,6,108.82,28,4,no
62,,C[C@H](COc1cc(C2([S@](C)(=N)=O)CC2)nc2c1cnn2C1=NN=CC1)N(C)C,403.5120000000001,2.0619699999999996,1,8,6,108.82000000000001,28,4,no
63,,CNc1cc(-c2cc([C@]3(O)C[C@H]4CC[C@@H](C3)O4)nc3c2cnn3C2=NN=CC2)[nH]n1,406.4500000000001,2.0282,3,8,3,125.59999999999998,30,4,no
64,,CNc1cc(-c2cc([C@]3(O)C[C@H]4CC[C@@H](C3)O4)nc3c2cnn3C2=NN=CC2)n[nH]1,406.4500000000001,2.0282,3,8,3,125.6,30,4,no
65,,COc1cc(-c2cc([C@]3(O)C[C@H]4CC[C@@H](C3)O4)nc3c2cnn3C2=NN=CC2)[nH]n1,407.4340000000001,1.9950999999999999,2,8,3,122.8,30,4,no
66,,COc1cc(-c2cc([C@]3(O)C[C@H]4CC[C@@H](C3)O4)nc3c2cnn3C2=NN=CC2)n[nH]1,407.4340000000001,1.9950999999999999,2,8,3,122.80000000000001,30,4,no
67,,CNc1cc(-c2cc([C@]3(O)C[C@H]4CC[C@@H](C3)O4)nc3c2cnn3C2=NN=CC2)no1,407.43400000000014,2.2931,2,9,3,122.94999999999999,30,4,no
68,,CNc1cc(-c2cc([C@]3(O)C[C@H]4CC[C@@H](C3)O4)nc3c2cnn3C2=NN=CC2)on1,407.43400000000014,2.2931,2,9,3,122.94999999999999,30,4,no
69,,CNc1ccc(-c2cc(C3([S@](C)(=N)=O)CC3)nc3c2cnn3C2=NN=CC2)cc1,407.5030000000001,3.4417700000000018,2,7,4,108.38,29,4,no
70,,COc1cc(-c2cc([C@]3(O)C[C@H]4CC[C@@H](C3)O4)nc3c2cnn3C2=NN=CC2)no1,408.4180000000001,2.26,1,9,3,120.15,30,4,no
71,,COc1cc(-c2cc([C@]3(O)C[C@H]4CC[C@@H](C3)O4)nc3c2cnn3C2=NN=CC2)on1,408.4180000000001,2.26,1,9,3,120.15,30,4,no
72,,COc1ccc(-c2cc(C3([S@](C)(=N)=O)CC3)nc3c2cnn3C2=NN=CC2)cc1,408.48700000000014,3.4086700000000016,1,7,4,105.58000000000001,29,4,no
73,,C[C@@H]1COCCN1c1cc([C@]2(O)C[C@H]3CC[C@@H](C2)O3)nc2c1cnn2C1=NN=CC1,410.4780000000001,1.8215,1,8,2,97.36000000000001,30,4,no
74,,CN(C)c1cc(-c2cc(C3([S@](C)(=N)=O)CC3)nc3c2cnn3C2=NN=CC2)[nH]n1,411.49500000000006,2.18917,2,8,4,128.26999999999998,29,4,no
75,,CN(C)c1cc(-c2cc(C3([S@](C)(=N)=O)CC3)nc3c2cnn3C2=NN=CC2)n[nH]1,411.49500000000006,2.18917,2,8,4,128.27,29,4,no
76,,C[C@H](CN(C)C)Nc1cc([C@]2(O)C[C@H]3CC[C@@H](C2)O3)nc2c1cnn2C1=NN=CC1,411.5100000000001,1.9584,2,8,5,100.16,30,4,no
77,,C[C@H](CNc1cc([C@]2(O)C[C@H]3CC[C@@H](C2)O3)nc2c1cnn2C1=NN=CC1)N(C)C,411.5100000000001,1.9584,2,8,5,100.15999999999998,30,4,no
78,,CN(C)c1cc(-c2cc(C3([S@](C)(=N)=O)CC3)nc3c2cnn3C2=NN=CC2)no1,412.4790000000001,2.4540700000000006,1,9,4,125.62,29,4,no
79,,CN(C)c1cc(-c2cc(C3([S@](C)(=N)=O)CC3)nc3c2cnn3C2=NN=CC2)on1,412.4790000000001,2.4540700000000006,1,9,4,125.62,29,4,no
80,,C[C@@H]1COCCN1Cc1cc(C2([S@](C)(=N)=O)CC2)nc2c1cnn2C1=NN=CC1,415.5230000000002,1.9537699999999996,1,8,4,108.82,29,4,no
81,,CNc1ccc(-c2cc([C@]3(O)C[C@H]4CC[C@@H](C3)O4)nc3c2cnn3C2=NN=CC2)cc1,416.48500000000007,3.305100000000002,2,7,3,96.91999999999999,31,4,no
82,,COc1ccc(-c2cc([C@]3(O)C[C@H]4CC[C@@H](C3)O4)nc3c2cnn3C2=NN=CC2)cc1,417.4690000000001,3.272000000000001,1,7,3,94.12,31,4,no
83,,C[S@@](=N)(=O)C1(c2cc(-c3cncc4[nH]ccc34)c3cnn(C4=NN=CC4)c3n2)CC1,418.4860000000002,3.276370000000002,2,7,3,125.02999999999999,30,4,no
84,,CNc1cccc(N2CCOC[C@H]2C)c1-c1cc(NC)c2cnn(C3=NN=CC3)c2n1,418.5050000000001,3.0429000000000013,2,8,4,91.96000000000001,31,4,no
85,,CNc1cccc(NC)c1-c1cc(N2CCOC[C@H]2C)c2cnn(C3=NN=CC3)c2n1,418.5050000000001,3.0429000000000013,2,8,4,91.96000000000001,31,4,no
86,,CNc1cccc(NC)c1-c1cc(N2CCOC[C@H]2C)nc2c1cnn2C1=NN=CC1,418.5050000000001,3.0429000000000013,2,8,4,91.96000000000001,31,4,no
87,,CNc1cc(-c2c(NC)cccc2N2CCOC[C@H]2C)c2cnn(C3=NN=CC3)c2n1,418.50500000000017,3.0429000000000013,2,8,4,91.96000000000001,31,4,no
88,,CNc1cccc(OC)c1-c1cc(N2CCOC[C@H]2C)c2cnn(C3=NN=CC3)c2n1,419.4890000000001,3.009800000000001,1,8,4,89.16000000000001,31,4,no
89,,CNc1cccc(OC)c1-c1cc(N2CCOC[C@H]2C)nc2c1cnn2C1=NN=CC1,419.4890000000001,3.009800000000001,1,8,4,89.16,31,4,no
90,,CNc1cc(-c2c(OC)cccc2N2CCOC[C@H]2C)c2cnn(C3=NN=CC3)c2n1,419.48900000000015,3.009800000000001,1,8,4,89.16000000000001,31,4,no
91,,CNc1cc(-c2c(OC)cccc2N2CCOC[C@H]2C)nc2c1cnn2C1=NN=CC1,419.48900000000015,3.009800000000001,1,8,4,89.16,31,4,no
92,,CNc1cccc(N2CCOC[C@H]2C)c1-c1cc(OC)c2cnn(C3=NN=CC3)c2n1,419.48900000000015,3.009800000000001,1,8,4,89.16000000000001,31,4,no
93,,CNc1cccc(N2CCOC[C@H]2C)c1-c1cc(OC)nc2c1cnn2C1=NN=CC1,419.48900000000015,3.009800000000001,1,8,4,89.16,31,4,no
94,,COc1cc(-c2c(OC)cccc2N2CCOC[C@H]2C)c2cnn(C3=NN=CC3)c2n1,420.4730000000001,2.976700000000001,0,8,4,86.36,31,4,no
95,,COc1cccc(N2CCOC[C@H]2C)c1-c1cc(OC)c2cnn(C3=NN=CC3)c2n1,420.4730000000001,2.976700000000001,0,8,4,86.36,31,4,no
96,,COc1cccc(OC)c1-c1cc(N2CCOC[C@H]2C)c2cnn(C3=NN=CC3)c2n1,420.4730000000001,2.976700000000001,0,8,4,86.36,31,4,no
97,,COc1cccc(OC)c1-c1cc(N2CCOC[C@H]2C)nc2c1cnn2C1=NN=CC1,420.4730000000001,2.976700000000001,0,8,4,86.36,31,4,no
98,,CN(C)c1cc(-c2cc([C@]3(O)C[C@H]4CC[C@@H](C3)O4)nc3c2cnn3C2=NN=CC2)[nH]n1,420.47700000000003,2.0524999999999998,2,8,3,116.81000000000002,31,4,no
99,,CN(C)c1cc(-c2cc([C@]3(O)C[C@H]4CC[C@@H](C3)O4)nc3c2cnn3C2=NN=CC2)n[nH]1,420.47700000000003,2.0524999999999998,2,8,3,116.81,31,4,no
100,,CNCc1cc(-c2cc([C@]3(O)C[C@H]4CC[C@@H](C3)O4)nc3c2cnn3C2=NN=CC2)[nH]n1,420.47700000000003,1.7058999999999995,3,8,4,125.59999999999998,31,4,no
101,,CNCc1cc(-c2cc([C@]3(O)C[C@H]4CC[C@@H](C3)O4)nc3c2cnn3C2=NN=CC2)n[nH]1,420.47700000000003,1.7058999999999995,3,8,4,125.6,31,4,no
102,,CN(C)c1cc(-c2cc([C@]3(O)C[C@H]4CC[C@@H](C3)O4)nc3c2cnn3C2=NN=CC2)no1,421.46100000000007,2.3174,1,9,3,114.16000000000001,31,4,no
103,,CN(C)c1cc(-c2cc([C@]3(O)C[C@H]4CC[C@@H](C3)O4)nc3c2cnn3C2=NN=CC2)on1,421.46100000000007,2.3174,1,9,3,114.16000000000001,31,4,no
104,,CNCc1cc(-c2cc([C@]3(O)C[C@H]4CC[C@@H](C3)O4)nc3c2cnn3C2=NN=CC2)no1,421.46100000000007,1.9707999999999997,2,9,4,122.94999999999999,31,4,no
105,,CNCc1cc(-c2cc([C@]3(O)C[C@H]4CC[C@@H](C3)O4)nc3c2cnn3C2=NN=CC2)on1,421.46100000000007,1.9707999999999997,2,9,4,122.94999999999999,31,4,no
106,,COCc1cc(-c2cc([C@]3(O)C[C@H]4CC[C@@H](C3)O4)nc3c2cnn3C2=NN=CC2)[nH]n1,421.46100000000007,2.1329,2,8,4,122.8,31,4,no
107,,COCc1cc(-c2cc([C@]3(O)C[C@H]4CC[C@@H](C3)O4)nc3c2cnn3C2=NN=CC2)n[nH]1,421.46100000000007,2.1329,2,8,4,122.80000000000001,31,4,no
108,,CN(C)c1ccc(-c2cc(C3([S@](C)(=N)=O)CC3)nc3c2cnn3C2=NN=CC2)cc1,421.5300000000001,3.466070000000002,1,7,4,99.59,30,4,no
109,,CNCc1ccc(-c2cc(C3([S@](C)(=N)=O)CC3)nc3c2cnn3C2=NN=CC2)cc1,421.5300000000001,3.1194700000000015,2,7,5,108.38,30,4,no
110,,COCc1cc(-c2cc([C@]3(O)C[C@H]4CC[C@@H](C3)O4)nc3c2cnn3C2=NN=CC2)no1,422.4450000000001,2.3978,1,9,4,120.15,31,4,no
111,,COCc1cc(-c2cc([C@]3(O)C[C@H]4CC[C@@H](C3)O4)nc3c2cnn3C2=NN=CC2)on1,422.4450000000001,2.3978,1,9,4,120.15,31,4,no
112,,CNc1cccc(-c2cnc(C#N)cn2)c1-c1cc(NC)c2cnn(C3=NN=CC3)c2n1,422.45600000000013,3.1464800000000004,2,9,4,129.06,32,4,no
113,,CNc1cccc(NC)c1-c1cc(-c2cnc(C#N)cn2)c2cnn(C3=NN=CC3)c2n1,422.45600000000013,3.1464800000000004,2,9,4,129.06,32,4,no
114,,CNc1cccc(NC)c1-c1cc(-c2cnc(C#N)cn2)nc2c1cnn2C1=NN=CC1,422.45600000000013,3.1464800000000004,2,9,4,129.06,32,4,no
115,,CNc1cc(-c2c(NC)cccc2-c2cnc(C#N)cn2)c2cnn(C3=NN=CC3)c2n1,422.4560000000002,3.1464800000000013,2,9,4,129.06,32,4,no
116,,COCc1ccc(-c2cc(C3([S@](C)(=N)=O)CC3)nc3c2cnn3C2=NN=CC2)cc1,422.5140000000001,3.546470000000002,1,7,5,105.58000000000001,30,4,no
117,,CNc1cccc(OC)c1-c1cc(-c2cnc(C#N)cn2)c2cnn(C3=NN=CC3)c2n1,423.4400000000001,3.113380000000001,1,9,4,126.26,32,4,no
118,,CNc1cccc(OC)c1-c1cc(-c2cnc(C#N)cn2)nc2c1cnn2C1=NN=CC1,423.4400000000001,3.113380000000001,1,9,4,126.25999999999999,32,4,no
119,,CNc1cc(-c2c(OC)cccc2-c2cnc(C#N)cn2)c2cnn(C3=NN=CC3)c2n1,423.44000000000017,3.113380000000001,1,9,4,126.26,32,4,no
120,,CNc1cc(-c2c(OC)cccc2-c2cnc(C#N)cn2)nc2c1cnn2C1=NN=CC1,423.44000000000017,3.113380000000001,1,9,4,126.25999999999999,32,4,no
121,,CNc1cccc(-c2cnc(C#N)cn2)c1-c1cc(OC)c2cnn(C3=NN=CC3)c2n1,423.44000000000017,3.113380000000001,1,9,4,126.26,32,4,no
122,,CNc1cccc(-c2cnc(C#N)cn2)c1-c1cc(OC)nc2c1cnn2C1=NN=CC1,423.44000000000017,3.113380000000001,1,9,4,126.25999999999999,32,4,no
123,,CNc1ccc(Oc2cc(C3([S@](C)(=N)=O)CC3)nc3c2cnn3C2=NN=CC2)cc1,423.5020000000001,3.567070000000002,2,8,5,117.60999999999999,30,4,no
124,,COc1ccc(Nc2cc(C3([S@](C)(=N)=O)CC3)nc3c2cnn3C2=NN=CC2)cc1,423.5020000000001,3.4852700000000016,2,8,5,117.60999999999999,30,4,no
125,,COc1cc(-c2c(OC)cccc2-c2cnc(C#N)cn2)c2cnn(C3=NN=CC3)c2n1,424.42400000000015,3.080280000000001,0,9,4,123.46,32,4,no
126,,COc1cccc(-c2cnc(C#N)cn2)c1-c1cc(OC)c2cnn(C3=NN=CC3)c2n1,424.42400000000015,3.080280000000001,0,9,4,123.46,32,4,no
127,,COc1cccc(OC)c1-c1cc(-c2cnc(C#N)cn2)c2cnn(C3=NN=CC3)c2n1,424.42400000000015,3.080280000000001,0,9,4,123.46,32,4,no
128,,COc1cccc(OC)c1-c1cc(-c2cnc(C#N)cn2)nc2c1cnn2C1=NN=CC1,424.42400000000015,3.080280000000001,0,9,4,123.46000000000001,32,4,no
129,,COc1ccc(Oc2cc(C3([S@](C)(=N)=O)CC3)nc3c2cnn3C2=NN=CC2)cc1,424.4860000000001,3.533970000000002,1,8,5,114.81,30,4,no
130,,CN(C)Cc1cc(-c2cc(C3([S@](C)(=N)=O)CC3)nc3c2cnn3C2=NN=CC2)[nH]n1,425.5220000000001,2.18477,2,8,5,128.26999999999998,30,4,no
131,,CN(C)Cc1cc(-c2cc(C3([S@](C)(=N)=O)CC3)nc3c2cnn3C2=NN=CC2)n[nH]1,425.5220000000001,2.18477,2,8,5,128.27,30,4,no
132,,CN(C)Cc1cc(-c2cc(C3([S@](C)(=N)=O)CC3)nc3c2cnn3C2=NN=CC2)no1,426.50600000000014,2.4496700000000002,1,9,5,125.62,30,4,no
133,,CN(C)Cc1cc(-c2cc(C3([S@](C)(=N)=O)CC3)nc3c2cnn3C2=NN=CC2)on1,426.50600000000014,2.4496700000000002,1,9,5,125.62,30,4,no
134,,O[C@@]1(c2cc(-c3cncc4[nH]ccc34)c3cnn(C4=NN=CC4)c3n2)C[C@H]2CC[C@@H](C1)O2,427.4680000000003,3.1397000000000013,2,7,2,113.57000000000001,32,4,no
135,,COc1cc(-c2cc(OC)c3cnn(C4=NN=CC4)c3n2)nc2c1cnn2C1=NN=CC1,428.41600000000017,2.1323999999999996,0,10,3,129.32,32,4,no
136,,C[S@@](=N)(=O)C1(c2cc([C@]3(O)C[C@H]4CC[C@@H](C3)O4)c3cnn(C4=NN=CC4)c3n2)CC1,428.51800000000014,2.2620700000000005,2,8,3,125.81000000000002,30,4,no
137,,C[S@@](=N)(=O)C1(c2cc([C@]3(O)C[C@H]4CC[C@@H](C3)O4)nc3c2cnn3C2=NN=CC2)CC1,428.51800000000014,2.2620700000000005,2,8,3,125.81,30,4,no
138,,CN(C)c1ccc(-c2cc([C@]3(O)C[C@H]4CC[C@@H](C3)O4)nc3c2cnn3C2=NN=CC2)cc1,430.5120000000001,3.3294000000000024,1,7,3,88.13000000000001,32,4,no
139,,CNCc1ccc(-c2cc([C@]3(O)C[C@H]4CC[C@@H](C3)O4)nc3c2cnn3C2=NN=CC2)cc1,430.5120000000001,2.982800000000001,2,7,4,96.91999999999999,32,4,no
140,,COCc1ccc(-c2cc([C@]3(O)C[C@H]4CC[C@@H](C3)O4)nc3c2cnn3C2=NN=CC2)cc1,431.4960000000001,3.4098000000000024,1,7,4,94.12,32,4,no
141,,COc1ccc(Nc2cc([C@]3(O)C[C@H]4CC[C@@H](C3)O4)nc3c2cnn3C2=NN=CC2)cc1,432.4840000000001,3.348600000000002,2,8,4,106.15,32,4,no
142,,COc1cccc(N2CCOC[C@H]2C)c1-c1cc(N(C)C)c2cnn(C3=NN=CC3)c2n1,433.51600000000013,3.0341000000000014,0,8,4,80.37,32,4,no
143,,COc1cccc(N2CCOC[C@H]2C)c1-c1cc(N(C)C)nc2c1cnn2C1=NN=CC1,433.51600000000013,3.0341000000000014,0,8,4,80.37,32,4,no
144,,COc1cc(-c2c(N(C)C)cccc2N2CCOC[C@H]2C)c2cnn(C3=NN=CC3)c2n1,433.5160000000002,3.0341000000000014,0,8,4,80.36999999999999,32,4,no
145,,COc1cc(-c2c(N(C)C)cccc2N2CCOC[C@H]2C)nc2c1cnn2C1=NN=CC1,433.5160000000002,3.0341000000000014,0,8,4,80.36999999999999,32,4,no
146,,COc1cccc(N(C)C)c1-c1cc(N2CCOC[C@H]2C)c2cnn(C3=NN=CC3)c2n1,433.5160000000002,3.0341000000000014,0,8,4,80.36999999999999,32,4,no
147,,COc1cccc(N(C)C)c1-c1cc(N2CCOC[C@H]2C)nc2c1cnn2C1=NN=CC1,433.5160000000002,3.0341000000000014,0,8,4,80.36999999999999,32,4,no
148,,CN(C)Cc1cc(-c2cc([C@]3(O)C[C@H]4CC[C@@H](C3)O4)nc3c2cnn3C2=NN=CC2)[nH]n1,434.5040000000001,2.0481,2,8,4,116.81000000000002,32,4,no
149,,CN(C)Cc1cc(-c2cc([C@]3(O)C[C@H]4CC[C@@H](C3)O4)nc3c2cnn3C2=NN=CC2)n[nH]1,434.5040000000001,2.0481,2,8,4,116.81,32,4,no
150,,CN(C)Cc1cc(-c2cc([C@]3(O)C[C@H]4CC[C@@H](C3)O4)nc3c2cnn3C2=NN=CC2)no1,435.4880000000001,2.3129999999999997,1,9,4,114.16000000000001,32,4,no
151,,CN(C)Cc1cc(-c2cc([C@]3(O)C[C@H]4CC[C@@H](C3)O4)nc3c2cnn3C2=NN=CC2)on1,435.4880000000001,2.3129999999999997,1,9,4,114.16000000000001,32,4,no
152,,CN(C)c1cc(Nc2cc([C@]3(O)C[C@H]4CC[C@@H](C3)O4)nc3c2cnn3C2=NN=CC2)[nH]n1,435.4920000000001,2.1290999999999998,3,9,4,128.83999999999997,32,4,no
153,,CN(C)c1cc(Nc2cc([C@]3(O)C[C@H]4CC[C@@H](C3)O4)nc3c2cnn3C2=NN=CC2)n[nH]1,435.4920000000001,2.1290999999999998,3,9,4,128.84,32,4,no
154,,CN(C)Cc1ccc(-c2cc(C3([S@](C)(=N)=O)CC3)nc3c2cnn3C2=NN=CC2)cc1,435.5570000000002,3.4616700000000016,1,7,5,99.59,31,4,no
155,,CN(C)c1cc(Nc2cc([C@]3(O)C[C@H]4CC[C@@H](C3)O4)nc3c2cnn3C2=NN=CC2)no1,436.4760000000001,2.394,2,10,4,126.19,32,4,no
156,,CN(C)c1cc(Nc2cc([C@]3(O)C[C@H]4CC[C@@H](C3)O4)nc3c2cnn3C2=NN=CC2)on1,436.4760000000001,2.394,2,10,4,126.19,32,4,no
157,,CNc1cccc(N(C)C)c1-c1cc(-c2cnc(C#N)cn2)c2cnn(C3=NN=CC3)c2n1,436.4830000000001,3.1707800000000015,1,9,4,120.27,33,4,no
158,,CNc1cccc(N(C)C)c1-c1cc(-c2cnc(C#N)cn2)nc2c1cnn2C1=NN=CC1,436.4830000000001,3.1707800000000015,1,9,4,120.27000000000001,33,4,no
159,,CNc1cc(-c2c(-c3cnc(C#N)cn3)cccc2N(C)C)c2cnn(C3=NN=CC3)c2n1,436.4830000000002,3.1707800000000015,1,9,4,120.27,33,4,no
160,,CNc1cc(-c2c(-c3cnc(C#N)cn3)cccc2N(C)C)nc2c1cnn2C1=NN=CC1,436.4830000000002,3.1707800000000015,1,9,4,120.27000000000001,33,4,no
161,,CNc1cccc(-c2cnc(C#N)cn2)c1-c1cc(N(C)C)c2cnn(C3=NN=CC3)c2n1,436.4830000000002,3.1707800000000015,1,9,4,120.27,33,4,no
162,,CNc1cccc(-c2cnc(C#N)cn2)c1-c1cc(N(C)C)nc2c1cnn2C1=NN=CC1,436.4830000000002,3.1707800000000015,1,9,4,120.27000000000001,33,4,no
163,,CNc1cccc(-c2cc(C3([S@](C)(=N)=O)CC3)nc3c2cnn3C2=NN=CC2)c1NC,436.54500000000013,3.4834700000000014,3,8,5,120.41,31,4,no
164,,CNc1cccc(C2([S@](C)(=N)=O)CC2)c1-c1cc(NC)c2cnn(C3=NN=CC3)c2n1,436.54500000000013,3.4834700000000014,3,8,5,120.41000000000001,31,4,no
165,,CNc1cccc(NC)c1-c1cc(C2([S@](C)(=N)=O)CC2)c2cnn(C3=NN=CC3)c2n1,436.54500000000024,3.4834700000000014,3,8,5,120.40999999999998,31,4,no
166,,CNc1cccc(NC)c1-c1cc(C2([S@](C)(=N)=O)CC2)nc2c1cnn2C1=NN=CC1,436.54500000000024,3.4834700000000014,3,8,5,120.41,31,4,no
167,,CNc1cc(-c2c(NC)cccc2C2([S@](C)(=N)=O)CC2)c2cnn(C3=NN=CC3)c2n1,436.5450000000003,3.4834700000000023,3,8,5,120.40999999999998,31,4,no
168,,COc1cc(-c2c(OC)cccc2-c2cncc3[nH]ccc23)c2cnn(C3=NN=CC3)c2n1,437.4630000000002,4.294900000000003,1,7,4,102.57000000000001,33,4,no
169,,COc1cccc(-c2cncc3[nH]ccc23)c1-c1cc(OC)c2cnn(C3=NN=CC3)c2n1,437.4630000000002,4.294900000000004,1,7,4,102.57000000000001,33,4,no
170,,COc1cccc(OC)c1-c1cc(-c2cncc3[nH]ccc23)c2cnn(C3=NN=CC3)c2n1,437.4630000000002,4.294900000000003,1,7,4,102.57000000000001,33,4,no
171,,COc1cccc(OC)c1-c1cc(-c2cncc3[nH]ccc23)nc2c1cnn2C1=NN=CC1,437.4630000000002,4.294900000000003,1,7,4,102.57,33,4,no
172,,COc1cccc(-c2cnc(C#N)cn2)c1-c1cc(N(C)C)c2cnn(C3=NN=CC3)c2n1,437.46700000000016,3.1376800000000014,0,9,4,117.47000000000001,33,4,no
173,,COc1cccc(-c2cnc(C#N)cn2)c1-c1cc(N(C)C)nc2c1cnn2C1=NN=CC1,437.46700000000016,3.1376800000000014,0,9,4,117.47,33,4,no
174,,COc1cccc(N(C)C)c1-c1cc(-c2cnc(C#N)cn2)c2cnn(C3=NN=CC3)c2n1,437.46700000000016,3.1376800000000014,0,9,4,117.47000000000001,33,4,no
175,,COc1cccc(N(C)C)c1-c1cc(-c2cnc(C#N)cn2)nc2c1cnn2C1=NN=CC1,437.46700000000016,3.1376800000000014,0,9,4,117.47,33,4,no
176,,COc1cc(-c2c(-c3cnc(C#N)cn3)cccc2N(C)C)c2cnn(C3=NN=CC3)c2n1,437.4670000000002,3.1376800000000014,0,9,4,117.47000000000001,33,4,no
177,,COc1cc(-c2c(-c3cnc(C#N)cn3)cccc2N(C)C)nc2c1cnn2C1=NN=CC1,437.4670000000002,3.1376800000000014,0,9,4,117.47,33,4,no
178,,O[C@@]1(c2cc([C@]3(O)C[C@H]4CC[C@@H](C3)O4)c3cnn(C4=NN=CC4)c3n2)C[C@H]2CC[C@@H](C1)O2,437.5000000000003,2.1254,2,8,2,114.35,32,4,no
179,,CN(C)c1ccc(Oc2cc(C3([S@](C)(=N)=O)CC3)nc3c2cnn3C2=NN=CC2)cc1,437.52900000000017,3.591370000000002,1,8,5,108.82,31,4,no
180,,CNc1cccc(-c2cc(C3([S@](C)(=N)=O)CC3)nc3c2cnn3C2=NN=CC2)c1OC,437.52900000000017,3.450370000000002,2,8,5,117.61,31,4,no
181,,CNc1cccc(C2([S@](C)(=N)=O)CC2)c1-c1cc(OC)c2cnn(C3=NN=CC3)c2n1,437.52900000000017,3.450370000000002,2,8,5,117.61,31,4,no
182,,CNc1cccc(C2([S@](C)(=N)=O)CC2)c1-c1cc(OC)nc2c1cnn2C1=NN=CC1,437.52900000000017,3.450370000000002,2,8,5,117.61000000000001,31,4,no
183,,CNc1c(OC)cccc1-c1cc(C2([S@](C)(=N)=O)CC2)nc2c1cnn2C1=NN=CC1,437.5290000000002,3.450370000000002,2,8,5,117.60999999999999,31,4,no
184,,CNc1cccc(OC)c1-c1cc(C2([S@](C)(=N)=O)CC2)c2cnn(C3=NN=CC3)c2n1,437.5290000000002,3.4503700000000013,2,8,5,117.61,31,4,no
185,,CNc1cccc(OC)c1-c1cc(C2([S@](C)(=N)=O)CC2)nc2c1cnn2C1=NN=CC1,437.5290000000002,3.450370000000002,2,8,5,117.60999999999999,31,4,no
186,,CNc1cc(-c2c(OC)cccc2C2([S@](C)(=N)=O)CC2)c2cnn(C3=NN=CC3)c2n1,437.5290000000003,3.4503700000000013,2,8,5,117.61,31,4,no
187,,CNc1cc(-c2c(OC)cccc2C2([S@](C)(=N)=O)CC2)nc2c1cnn2C1=NN=CC1,437.5290000000003,3.450370000000002,2,8,5,117.60999999999999,31,4,no
188,,COc1cccc(-c2cc(C3([S@](C)(=N)=O)CC3)nc3c2cnn3C2=NN=CC2)c1OC,438.51300000000015,3.417270000000002,1,8,5,114.81000000000002,31,4,no
189,,COc1cccc(C2([S@](C)(=N)=O)CC2)c1-c1cc(OC)c2cnn(C3=NN=CC3)c2n1,438.51300000000015,3.417270000000002,1,8,5,114.80999999999999,31,4,no
190,,COc1cc(-c2c(OC)cccc2C2([S@](C)(=N)=O)CC2)c2cnn(C3=NN=CC3)c2n1,438.51300000000026,3.417270000000001,1,8,5,114.81000000000002,31,4,no
191,,COc1cccc(OC)c1-c1cc(C2([S@](C)(=N)=O)CC2)c2cnn(C3=NN=CC3)c2n1,438.51300000000026,3.417270000000001,1,8,5,114.81000000000002,31,4,no
192,,COc1cccc(OC)c1-c1cc(C2([S@](C)(=N)=O)CC2)nc2c1cnn2C1=NN=CC1,438.51300000000026,3.417270000000001,1,8,5,114.81,31,4,no
193,,CNc1cc(-c2cc(N(C)C)c3cnn(C4=NN=CC4)c3n2)nc2c1cnn2C1=NN=CC1,440.47500000000025,2.2229,1,10,3,126.13,33,4,no
194,,COc1cc(-c2cc(N(C)C)c3cnn(C4=NN=CC4)c3n2)nc2c1cnn2C1=NN=CC1,441.45900000000023,2.1898,0,10,3,123.33000000000001,33,4,no
195,,COCc1cc(-c2cc(OC)c3cnn(C4=NN=CC4)c3n2)nc2c1cnn2C1=NN=CC1,442.4430000000002,2.2702,0,10,4,129.32,33,4,no
196,,O[C@@]1(c2cc(Nc3cncc4[nH]ccc34)c3cnn(C4=NN=CC4)c3n2)C[C@H]2CC[C@@H](C1)O2,442.48300000000035,3.2163000000000013,3,8,3,125.6,33,4,no
197,,CN(C)Cc1ccc(-c2cc([C@]3(O)C[C@H]4CC[C@@H](C3)O4)nc3c2cnn3C2=NN=CC2)cc1,444.53900000000016,3.325000000000002,1,7,4,88.13000000000001,33,4,no
198,,CNc1cccc([C@]2(O)C[C@H]3CC[C@@H](C2)O3)c1-c1cc(NC)c2cnn(C3=NN=CC3)c2n1,445.5270000000001,3.3468000000000018,3,8,4,108.95,33,4,no
199,,CNc1cccc(-c2cc([C@]3(O)C[C@H]4CC[C@@H](C3)O4)nc3c2cnn3C2=NN=CC2)c1NC,445.52700000000016,3.346800000000001,3,8,4,108.94999999999999,33,4,no
200,,CNc1cc(-c2c(NC)cccc2[C@]2(O)C[C@H]3CC[C@@H](C2)O3)c2cnn(C3=NN=CC3)c2n1,445.5270000000002,3.3468000000000018,3,8,4,108.95,33,4,no
201,,CNc1cccc(NC)c1-c1cc([C@]2(O)C[C@H]3CC[C@@H](C2)O3)c2cnn(C3=NN=CC3)c2n1,445.5270000000002,3.3468000000000018,3,8,4,108.95,33,4,no
202,,CNc1cccc(NC)c1-c1cc([C@]2(O)C[C@H]3CC[C@@H](C2)O3)nc2c1cnn2C1=NN=CC1,445.5270000000002,3.3468000000000018,3,8,4,108.94999999999999,33,4,no
203,,CNc1cccc([C@]2(O)C[C@H]3CC[C@@H](C2)O3)c1-c1cc(OC)c2cnn(C3=NN=CC3)c2n1,446.51100000000014,3.3137000000000016,2,8,4,106.14999999999999,33,4,no
204,,CNc1cccc([C@]2(O)C[C@H]3CC[C@@H](C2)O3)c1-c1cc(OC)nc2c1cnn2C1=NN=CC1,446.51100000000014,3.3137000000000016,2,8,4,106.15,33,4,no
205,,CNc1c(OC)cccc1-c1cc([C@]2(O)C[C@H]3CC[C@@H](C2)O3)nc2c1cnn2C1=NN=CC1,446.5110000000002,3.3137000000000016,2,8,4,106.15,33,4,no
206,,CNc1cc(-c2c(OC)cccc2[C@]2(O)C[C@H]3CC[C@@H](C2)O3)c2cnn(C3=NN=CC3)c2n1,446.5110000000002,3.3137000000000016,2,8,4,106.14999999999999,33,4,no
207,,CNc1cc(-c2c(OC)cccc2[C@]2(O)C[C@H]3CC[C@@H](C2)O3)nc2c1cnn2C1=NN=CC1,446.5110000000002,3.3137000000000016,2,8,4,106.15,33,4,no
208,,CNc1cccc(-c2cc([C@]3(O)C[C@H]4CC[C@@H](C3)O4)nc3c2cnn3C2=NN=CC2)c1OC,446.5110000000002,3.3137000000000016,2,8,4,106.14999999999999,33,4,no
209,,CNc1cccc(OC)c1-c1cc([C@]2(O)C[C@H]3CC[C@@H](C2)O3)c2cnn(C3=NN=CC3)c2n1,446.5110000000002,3.3137000000000016,2,8,4,106.14999999999999,33,4,no
210,,CNc1cccc(OC)c1-c1cc([C@]2(O)C[C@H]3CC[C@@H](C2)O3)nc2c1cnn2C1=NN=CC1,446.5110000000002,3.3137000000000016,2,8,4,106.15,33,4,no
211,,COc1cccc([C@]2(O)C[C@H]3CC[C@@H](C2)O3)c1-c1cc(OC)c2cnn(C3=NN=CC3)c2n1,447.4950000000001,3.2806000000000015,1,8,4,103.35000000000001,33,4,no
212,,COc1cccc(-c2cc([C@]3(O)C[C@H]4CC[C@@H](C3)O4)nc3c2cnn3C2=NN=CC2)c1OC,447.4950000000002,3.2806000000000015,1,8,4,103.35000000000001,33,4,no
213,,COc1cc(-c2c(OC)cccc2[C@]2(O)C[C@H]3CC[C@@H](C2)O3)c2cnn(C3=NN=CC3)c2n1,447.49500000000023,3.2806000000000015,1,8,4,103.35000000000001,33,4,no
214,,COc1cccc(OC)c1-c1cc([C@]2(O)C[C@H]3CC[C@@H](C2)O3)c2cnn(C3=NN=CC3)c2n1,447.49500000000023,3.2806000000000015,1,8,4,103.35000000000001,33,4,no
215,,COc1cccc(OC)c1-c1cc([C@]2(O)C[C@H]3CC[C@@H](C2)O3)nc2c1cnn2C1=NN=CC1,447.49500000000023,3.2806000000000015,1,8,4,103.35,33,4,no
216,,COc1cc(-c2cc([C@]3(O)C[C@H]4CC[C@@H](C3)O4)nc3c2cnn3C2=NN=CC2)nc(OC)n1,449.4710000000002,2.0705999999999998,1,10,4,129.13,33,4,no
217,,COc1c(-c2cc(C3([S@](C)(=N)=O)CC3)nc3c2cnn3C2=NN=CC2)cccc1N(C)C,451.55600000000015,3.4746700000000024,1,8,5,108.82000000000001,32,4,no
218,,COc1cccc(-c2cc(C3([S@](C)(=N)=O)CC3)nc3c2cnn3C2=NN=CC2)c1N(C)C,451.55600000000015,3.4746700000000024,1,8,5,108.82000000000001,32,4,no
219,,COc1cccc(C2([S@](C)(=N)=O)CC2)c1-c1cc(N(C)C)c2cnn(C3=NN=CC3)c2n1,451.55600000000015,3.4746700000000024,1,8,5,108.82000000000001,32,4,no
220,,COc1cccc(C2([S@](C)(=N)=O)CC2)c1-c1cc(N(C)C)nc2c1cnn2C1=NN=CC1,451.55600000000015,3.4746700000000024,1,8,5,108.82,32,4,no
221,,COc1cccc(N(C)C)c1-c1cc(C2([S@](C)(=N)=O)CC2)c2cnn(C3=NN=CC3)c2n1,451.5560000000002,3.4746700000000024,1,8,5,108.82000000000001,32,4,no
222,,COc1cccc(N(C)C)c1-c1cc(C2([S@](C)(=N)=O)CC2)nc2c1cnn2C1=NN=CC1,451.5560000000002,3.4746700000000024,1,8,5,108.82,32,4,no
223,,COc1cc(-c2c(N(C)C)cccc2C2([S@](C)(=N)=O)CC2)c2cnn(C3=NN=CC3)c2n1,451.55600000000027,3.4746700000000024,1,8,5,108.82000000000001,32,4,no
224,,COc1cc(-c2c(N(C)C)cccc2C2([S@](C)(=N)=O)CC2)nc2c1cnn2C1=NN=CC1,451.55600000000027,3.4746700000000024,1,8,5,108.82,32,4,no
225,,COc1cc(-c2cc(CN(C)C)c3cnn(C4=NN=CC4)c3n2)nc2c1cnn2C1=NN=CC1,455.4860000000002,2.1853999999999996,0,10,4,123.33000000000001,34,4,no
226,,O[C@@]1(c2cc(NCc3cncc4[nH]ccc34)c3cnn(C4=NN=CC4)c3n2)C[C@H]2CC[C@@H](C1)O2,456.51000000000033,3.0848000000000013,3,8,4,125.6,34,4,no
227,,C[C@H](CN1CCOC[C@H]1C)Nc1cc(C2([S@](C)(=N)=O)CC2)nc2c1cnn2C1=NN=CC1,458.5920000000002,2.2541699999999993,2,9,6,120.85,32,4,no
228,,C[C@H](CNc1cc(C2([S@](C)(=N)=O)CC2)nc2c1cnn2C1=NN=CC1)N1CCOC[C@H]1C,458.5920000000002,2.2541700000000002,2,9,6,120.85,32,4,no
229,,C[C@@H]1COCCN1[C@H](C)COc1cc(C2([S@](C)(=N)=O)CC2)nc2c1cnn2C1=NN=CC1,459.5760000000002,2.22107,1,9,6,118.05000000000001,32,4,no
230,,C[C@H](CN1CCOC[C@H]1C)Oc1cc(C2([S@](C)(=N)=O)CC2)nc2c1cnn2C1=NN=CC1,459.5760000000002,2.22107,1,9,6,118.05000000000001,32,4,no
231,,O[C@@]1(CNc2cc([C@]3(O)C[C@H]4CC[C@@H](C3)O4)nc3c2cnn3C2=NN=CC2)C[C@H]2CC[C@@H](C1)O2,466.54200000000026,2.0808,3,9,4,126.38000000000001,34,4,no
232,,C[C@H](CNc1cc([C@]2(O)C[C@H]3CC[C@@H](C2)O3)nc2c1cnn2C1=NN=CC1)N1CCOC[C@H]1C,467.57400000000024,2.1174999999999997,2,9,5,109.38999999999999,34,4,no
233,,C[C@H](CN1CCOC[C@H]1C)Nc1cc([C@]2(O)C[C@H]3CC[C@@H](C2)O3)nc2c1cnn2C1=NN=CC1,467.5740000000003,2.117499999999999,2,9,5,109.39000000000001,34,4,no
234,,C[C@@H]1COCCN1c1cc(-c2cc([C@]3(O)C[C@H]4CC[C@@H](C3)O4)nc3c2cnn3C2=NN=CC2)[nH]n1,476.5410000000002,2.2116,2,9,3,126.04,35,4,no
235,,C[C@@H]1COCCN1c1cc(-c2cc([C@]3(O)C[C@H]4CC[C@@H](C3)O4)nc3c2cnn3C2=NN=CC2)n[nH]1,476.5410000000002,2.2116,2,9,3,126.04000000000002,35,4,no
236,,C[C@@H]1COCCN1c1cc(-c2cc([C@]3(O)C[C@H]4CC[C@@H](C3)O4)nc3c2cnn3C2=NN=CC2)no1,477.52500000000026,2.4765000000000006,1,10,3,123.39000000000001,35,4,no
237,,C[C@@H]1COCCN1c1cc(-c2cc([C@]3(O)C[C@H]4CC[C@@H](C3)O4)nc3c2cnn3C2=NN=CC2)on1,477.52500000000026,2.4765000000000006,1,10,3,123.39000000000001,35,4,no
238,,CNc1cc(-c2cc(C3([S@](C)(=N)=O)CC3)nc3c2cnn3C2=NN=CC2)[nH]n1,397.4680000000001,2.16487,3,8,4,137.06,28,3,no
239,,CNc1cc(-c2cc(C3([S@](C)(=N)=O)CC3)nc3c2cnn3C2=NN=CC2)n[nH]1,397.4680000000001,2.16487,3,8,4,137.06,28,3,no
240,,COc1cc(-c2cc(C3([S@](C)(=N)=O)CC3)nc3c2cnn3C2=NN=CC2)[nH]n1,398.45200000000006,2.13177,2,8,4,134.26,28,3,no
241,,COc1cc(-c2cc(C3([S@](C)(=N)=O)CC3)nc3c2cnn3C2=NN=CC2)n[nH]1,398.45200000000006,2.13177,2,8,4,134.26000000000002,28,3,no
242,,CNc1cc(-c2cc(C3([S@](C)(=N)=O)CC3)nc3c2cnn3C2=NN=CC2)no1,398.4520000000001,2.4297700000000004,2,9,4,134.41,28,3,no
243,,CNc1cc(-c2cc(C3([S@](C)(=N)=O)CC3)nc3c2cnn3C2=NN=CC2)on1,398.4520000000001,2.4297700000000004,2,9,4,134.41,28,3,no
244,,COc1cc(-c2cc(C3([S@](C)(=N)=O)CC3)nc3c2cnn3C2=NN=CC2)no1,399.4360000000001,2.3966700000000003,1,9,4,131.61,28,3,no
245,,COc1cc(-c2cc(C3([S@](C)(=N)=O)CC3)nc3c2cnn3C2=NN=CC2)on1,399.4360000000001,2.3966700000000003,1,9,4,131.61,28,3,no
246,,CNCc1cc(-c2cc(C3([S@](C)(=N)=O)CC3)nc3c2cnn3C2=NN=CC2)[nH]n1,411.49500000000006,1.8425699999999996,3,8,5,137.06,29,3,no
247,,CNCc1cc(-c2cc(C3([S@](C)(=N)=O)CC3)nc3c2cnn3C2=NN=CC2)n[nH]1,411.49500000000006,1.8425699999999996,3,8,5,137.06,29,3,no
248,,CNCc1cc(-c2cc(C3([S@](C)(=N)=O)CC3)nc3c2cnn3C2=NN=CC2)no1,412.4790000000001,2.1074699999999997,2,9,5,134.41,29,3,no
249,,CNCc1cc(-c2cc(C3([S@](C)(=N)=O)CC3)nc3c2cnn3C2=NN=CC2)on1,412.4790000000001,2.1074699999999997,2,9,5,134.41,29,3,no
250,,COCc1cc(-c2cc(C3([S@](C)(=N)=O)CC3)nc3c2cnn3C2=NN=CC2)[nH]n1,412.4790000000001,2.26957,2,8,5,134.26,29,3,no
251,,COCc1cc(-c2cc(C3([S@](C)(=N)=O)CC3)nc3c2cnn3C2=NN=CC2)n[nH]1,412.4790000000001,2.26957,2,8,5,134.26000000000002,29,3,no
252,,COCc1cc(-c2cc(C3([S@](C)(=N)=O)CC3)nc3c2cnn3C2=NN=CC2)no1,413.46300000000014,2.5344700000000007,1,9,5,131.61,29,3,no
253,,COCc1cc(-c2cc(C3([S@](C)(=N)=O)CC3)nc3c2cnn3C2=NN=CC2)on1,413.46300000000014,2.5344700000000007,1,9,5,131.61,29,3,no
254,,N#Cc1cnc(-c2cc([C@]3(O)C[C@H]4CC[C@@H](C3)O4)nc3c2cnn3C2=NN=CC2)cn1,414.4290000000001,1.92508,1,9,2,134.45999999999998,31,3,no
255,,C[S@@](=N)(=O)C1(c2cc(C3([S@](C)(=N)=O)CC3)c3cnn(C4=NN=CC4)c3n2)CC1,419.5360000000002,2.39874,2,8,4,137.26999999999998,28,3,no
256,,CNc1cc(Nc2cc([C@]3(O)C[C@H]4CC[C@@H](C3)O4)nc3c2cnn3C2=NN=CC2)[nH]n1,421.4650000000001,2.1048,4,9,4,137.63,31,3,no
257,,CNc1cc(Nc2cc([C@]3(O)C[C@H]4CC[C@@H](C3)O4)nc3c2cnn3C2=NN=CC2)n[nH]1,421.4650000000001,2.1048,4,9,4,137.63,31,3,no
258,,COc1cc(Nc2cc([C@]3(O)C[C@H]4CC[C@@H](C3)O4)nc3c2cnn3C2=NN=CC2)[nH]n1,422.44900000000007,2.0717,3,9,4,134.82999999999998,31,3,no
259,,COc1cc(Nc2cc([C@]3(O)C[C@H]4CC[C@@H](C3)O4)nc3c2cnn3C2=NN=CC2)n[nH]1,422.44900000000007,2.0717,3,9,4,134.83,31,3,no
260,,CNc1cc(Nc2cc([C@]3(O)C[C@H]4CC[C@@H](C3)O4)nc3c2cnn3C2=NN=CC2)no1,422.4490000000001,2.3697,3,10,4,134.98,31,3,no
261,,CNc1cc(Nc2cc([C@]3(O)C[C@H]4CC[C@@H](C3)O4)nc3c2cnn3C2=NN=CC2)on1,422.4490000000001,2.3697,3,10,4,134.98,31,3,no
262,,COc1cc(Nc2cc([C@]3(O)C[C@H]4CC[C@@H](C3)O4)nc3c2cnn3C2=NN=CC2)no1,423.4330000000001,2.3366,2,10,4,132.18,31,3,no
263,,COc1cc(Nc2cc([C@]3(O)C[C@H]4CC[C@@H](C3)O4)nc3c2cnn3C2=NN=CC2)on1,423.4330000000001,2.3366,2,10,4,132.18,31,3,no
264,,CNc1cc(-c2cc(NC)c3cnn(C4=NN=CC4)c3n2)nc2c1cnn2C1=NN=CC1,426.44800000000015,2.1986,2,10,3,134.92,32,3,no
265,,CNc1cc(-c2cc(OC)c3cnn(C4=NN=CC4)c3n2)nc2c1cnn2C1=NN=CC1,427.4320000000002,2.1654999999999998,1,10,3,132.12,32,3,no
266,,CN(C)c1cc(Oc2cc(C3([S@](C)(=N)=O)CC3)nc3c2cnn3C2=NN=CC2)[nH]n1,427.4940000000001,2.31447,2,9,5,137.5,30,3,no
267,,CN(C)c1cc(Oc2cc(C3([S@](C)(=N)=O)CC3)nc3c2cnn3C2=NN=CC2)n[nH]1,427.4940000000001,2.31447,2,9,5,137.5,30,3,no
268,,CN(C)c1cc(Nc2cc(C3([S@](C)(=N)=O)CC3)nc3c2cnn3C2=NN=CC2)no1,427.49400000000014,2.5306700000000006,2,10,5,137.65,30,3,no
269,,CN(C)c1cc(Nc2cc(C3([S@](C)(=N)=O)CC3)nc3c2cnn3C2=NN=CC2)on1,427.49400000000014,2.5306700000000006,2,10,5,137.65,30,3,no
270,,CN(C)c1cc(Oc2cc(C3([S@](C)(=N)=O)CC3)nc3c2cnn3C2=NN=CC2)no1,428.4780000000001,2.579370000000001,1,10,5,134.85,30,3,no
271,,CN(C)c1cc(Oc2cc(C3([S@](C)(=N)=O)CC3)nc3c2cnn3C2=NN=CC2)on1,428.4780000000001,2.579370000000001,1,10,5,134.85,30,3,no
272,,CNc1cccc(N(C)C)c1-c1cc(N2CCOC[C@H]2C)c2cnn(C3=NN=CC3)c2n1,432.53200000000015,3.0672000000000015,1,8,4,83.17,32,3,no
273,,CNc1cccc(N(C)C)c1-c1cc(N2CCOC[C@H]2C)nc2c1cnn2C1=NN=CC1,432.53200000000015,3.0672000000000015,1,8,4,83.17,32,3,no
274,,CNc1cccc(N2CCOC[C@H]2C)c1-c1cc(N(C)C)c2cnn(C3=NN=CC3)c2n1,432.53200000000015,3.0672000000000015,1,8,4,83.17,32,3,no
275,,CNc1cccc(N2CCOC[C@H]2C)c1-c1cc(N(C)C)nc2c1cnn2C1=NN=CC1,432.53200000000015,3.0672000000000015,1,8,4,83.17,32,3,no
276,,CNc1cc(-c2c(N(C)C)cccc2N2CCOC[C@H]2C)c2cnn(C3=NN=CC3)c2n1,432.5320000000002,3.0672000000000015,1,8,4,83.17,32,3,no
277,,CNc1cc(-c2c(N(C)C)cccc2N2CCOC[C@H]2C)nc2c1cnn2C1=NN=CC1,432.5320000000002,3.0672000000000015,1,8,4,83.17,32,3,no
278,,C[S@@](=N)(=O)C1(c2cc(Nc3cncc4[nH]ccc34)c3cnn(C4=NN=CC4)c3n2)CC1,433.50100000000026,3.352970000000002,3,8,4,137.06,31,3,no
279,,C[S@@](=N)(=O)C1(c2cc(Oc3cncc4[nH]ccc34)c3cnn(C4=NN=CC4)c3n2)CC1,434.48500000000024,3.401670000000001,2,8,4,134.26,31,3,no
280,,CNc1cccc(-c2cncc3[nH]ccc23)c1-c1cc(NC)c2cnn(C3=NN=CC3)c2n1,435.4950000000002,4.361100000000003,3,7,4,108.17,33,3,no
281,,CNc1cccc(NC)c1-c1cc(-c2cncc3[nH]ccc23)c2cnn(C3=NN=CC3)c2n1,435.4950000000002,4.361100000000002,3,7,4,108.17,33,3,no
282,,CNc1cccc(NC)c1-c1cc(-c2cncc3[nH]ccc23)nc2c1cnn2C1=NN=CC1,435.4950000000002,4.361100000000002,3,7,4,108.16999999999999,33,3,no
283,,CNc1cc(-c2c(NC)cccc2-c2cncc3[nH]ccc23)c2cnn(C3=NN=CC3)c2n1,435.49500000000023,4.361100000000002,3,7,4,108.17,33,3,no
284,,CNc1cccc(OC)c1-c1cc(-c2cncc3[nH]ccc23)c2cnn(C3=NN=CC3)c2n1,436.47900000000016,4.328000000000003,2,7,4,105.36999999999999,33,3,no
285,,CNc1cccc(OC)c1-c1cc(-c2cncc3[nH]ccc23)nc2c1cnn2C1=NN=CC1,436.47900000000016,4.328000000000003,2,7,4,105.37,33,3,no
286,,CNc1cc(-c2c(OC)cccc2-c2cncc3[nH]ccc23)c2cnn(C3=NN=CC3)c2n1,436.4790000000002,4.328000000000003,2,7,4,105.36999999999999,33,3,no
287,,CNc1cc(-c2c(OC)cccc2-c2cncc3[nH]ccc23)nc2c1cnn2C1=NN=CC1,436.4790000000002,4.328000000000003,2,7,4,105.37,33,3,no
288,,CNc1cccc(-c2cncc3[nH]ccc23)c1-c1cc(OC)c2cnn(C3=NN=CC3)c2n1,436.4790000000002,4.328000000000003,2,7,4,105.36999999999999,33,3,no
289,,CNc1cccc(-c2cncc3[nH]ccc23)c1-c1cc(OC)nc2c1cnn2C1=NN=CC1,436.4790000000002,4.328000000000003,2,7,4,105.37,33,3,no
290,,CNCc1cc(-c2cc(NC)c3cnn(C4=NN=CC4)c3n2)nc2c1cnn2C1=NN=CC1,440.4750000000002,1.8762999999999996,2,10,4,134.92,33,3,no
291,,CNCc1cc(-c2cc(OC)c3cnn(C4=NN=CC4)c3n2)nc2c1cnn2C1=NN=CC1,441.4590000000002,1.8431999999999997,1,10,4,132.12,33,3,no
292,,CNc1cc(-c2cc(COC)c3cnn(C4=NN=CC4)c3n2)nc2c1cnn2C1=NN=CC1,441.45900000000023,2.3033,1,10,4,132.12,33,3,no
293,,C[S@@](=N)(=O)C1(Nc2cc([C@]3(O)C[C@H]4CC[C@@H](C3)O4)nc3c2cnn3C2=NN=CC2)CC1,443.5330000000002,2.17497,3,9,4,137.84,31,3,no
294,,C[C@@H]1COCCN1c1cc(-c2c(N(C)C)cccc2N(C)C)c2cnn(C3=NN=CC3)c2n1,446.5590000000002,3.0915000000000017,0,8,4,74.38,33,3,no
295,,C[C@@H]1COCCN1c1cc(-c2c(N(C)C)cccc2N(C)C)nc2c1cnn2C1=NN=CC1,446.5590000000002,3.0915000000000017,0,8,4,74.38,33,3,no
296,,C[C@@H]1COCCN1c1cccc(N(C)C)c1-c1cc(N(C)C)c2cnn(C3=NN=CC3)c2n1,446.5590000000002,3.0915000000000017,0,8,4,74.38,33,3,no
297,,C[C@@H]1COCCN1c1cccc(N(C)C)c1-c1cc(N(C)C)nc2c1cnn2C1=NN=CC1,446.5590000000002,3.0915000000000017,0,8,4,74.38,33,3,no
298,,CN(C)c1cnc(N)c(-c2cc([C@]3(O)C[C@H]4CC[C@@H](C3)O4)nc3c2cnn3C2=NN=CC2)n1,447.50300000000016,1.7016,2,10,3,139.93,33,3,no
299,,CN(C)c1nc(-c2cc([C@]3(O)C[C@H]4CC[C@@H](C3)O4)nc3c2cnn3C2=NN=CC2)cnc1N,447.50300000000016,1.7015999999999996,2,10,3,139.93,33,3,no
300,,C[S@@](=N)(=O)C1(c2cc(CNc3cncc4[nH]ccc34)c3cnn(C4=NN=CC4)c3n2)CC1,447.52800000000025,3.221470000000002,3,8,5,137.06,32,3,no
301,,C[S@@](=N)(=O)C1(c2cc(NCc3cncc4[nH]ccc34)c3cnn(C4=NN=CC4)c3n2)CC1,447.52800000000025,3.221470000000002,3,8,5,137.06,32,3,no
302,,C[S@@](=N)(=O)C1(c2cc(COc3cncc4[nH]ccc34)c3cnn(C4=NN=CC4)c3n2)CC1,448.5120000000002,3.1883700000000017,2,8,5,134.26,32,3,no
303,,C[S@@](=N)(=O)C1(c2cc(OCc3cncc4[nH]ccc34)c3cnn(C4=NN=CC4)c3n2)CC1,448.5120000000002,3.1883700000000017,2,8,5,134.26,32,3,no
304,,CNc1cccc(N(C)C)c1-c1cc(-c2cncc3[nH]ccc23)c2cnn(C3=NN=CC3)c2n1,449.52200000000016,4.385400000000002,2,7,4,99.38,34,3,no
305,,CNc1cccc(N(C)C)c1-c1cc(-c2cncc3[nH]ccc23)nc2c1cnn2C1=NN=CC1,449.52200000000016,4.385400000000002,2,7,4,99.38,34,3,no
306,,CNc1cc(-c2c(-c3cncc4[nH]ccc34)cccc2N(C)C)c2cnn(C3=NN=CC3)c2n1,449.5220000000002,4.385400000000003,2,7,4,99.38,34,3,no
307,,CNc1cc(-c2c(-c3cncc4[nH]ccc34)cccc2N(C)C)nc2c1cnn2C1=NN=CC1,449.5220000000002,4.385400000000003,2,7,4,99.38,34,3,no
308,,CNc1cccc(-c2cncc3[nH]ccc23)c1-c1cc(N(C)C)c2cnn(C3=NN=CC3)c2n1,449.5220000000002,4.385400000000003,2,7,4,99.38,34,3,no
309,,CNc1cccc(-c2cncc3[nH]ccc23)c1-c1cc(N(C)C)nc2c1cnn2C1=NN=CC1,449.5220000000002,4.385400000000003,2,7,4,99.38,34,3,no
310,,COc1cccc(N(C)C)c1-c1cc(-c2cncc3[nH]ccc23)c2cnn(C3=NN=CC3)c2n1,450.50600000000014,4.352300000000003,1,7,4,96.58,34,3,no
311,,COc1cccc(N(C)C)c1-c1cc(-c2cncc3[nH]ccc23)nc2c1cnn2C1=NN=CC1,450.50600000000014,4.352300000000003,1,7,4,96.58000000000001,34,3,no
312,,COc1cccc(-c2cncc3[nH]ccc23)c1-c1cc(N(C)C)c2cnn(C3=NN=CC3)c2n1,450.5060000000002,4.352300000000003,1,7,4,96.58,34,3,no
313,,COc1cccc(-c2cncc3[nH]ccc23)c1-c1cc(N(C)C)nc2c1cnn2C1=NN=CC1,450.5060000000002,4.352300000000003,1,7,4,96.58000000000001,34,3,no
314,,COc1cc(-c2c(-c3cncc4[nH]ccc34)cccc2N(C)C)c2cnn(C3=NN=CC3)c2n1,450.50600000000026,4.352300000000003,1,7,4,96.58,34,3,no
315,,COc1cc(-c2c(-c3cncc4[nH]ccc34)cccc2N(C)C)nc2c1cnn2C1=NN=CC1,450.50600000000026,4.352300000000003,1,7,4,96.58000000000001,34,3,no
316,,CN(C)c1cccc(N(C)C)c1-c1cc(-c2cnc(C#N)cn2)c2cnn(C3=NN=CC3)c2n1,450.51000000000016,3.195080000000001,0,9,4,111.48,34,3,no
317,,CN(C)c1cccc(N(C)C)c1-c1cc(-c2cnc(C#N)cn2)nc2c1cnn2C1=NN=CC1,450.51000000000016,3.195080000000001,0,9,4,111.47999999999999,34,3,no
318,,CN(C)c1cc(-c2c(-c3cnc(C#N)cn3)cccc2N(C)C)c2cnn(C3=NN=CC3)c2n1,450.5100000000002,3.195080000000001,0,9,4,111.48,34,3,no
319,,CN(C)c1cccc(-c2cnc(C#N)cn2)c1-c1cc(N(C)C)c2cnn(C3=NN=CC3)c2n1,450.5100000000002,3.195080000000001,0,9,4,111.48,34,3,no
320,,CNc1c(-c2cc(C3([S@](C)(=N)=O)CC3)nc3c2cnn3C2=NN=CC2)cccc1N(C)C,450.5720000000001,3.5077700000000025,2,8,5,111.61999999999999,32,3,no
321,,CNc1cccc(-c2cc(C3([S@](C)(=N)=O)CC3)nc3c2cnn3C2=NN=CC2)c1N(C)C,450.5720000000002,3.5077700000000025,2,8,5,111.61999999999999,32,3,no
322,,CNc1cccc(C2([S@](C)(=N)=O)CC2)c1-c1cc(N(C)C)c2cnn(C3=NN=CC3)c2n1,450.5720000000002,3.5077700000000025,2,8,5,111.62000000000002,32,3,no
323,,CNc1cccc(C2([S@](C)(=N)=O)CC2)c1-c1cc(N(C)C)nc2c1cnn2C1=NN=CC1,450.5720000000002,3.5077700000000025,2,8,5,111.62,32,3,no
324,,CNc1cc(-c2c(N(C)C)cccc2C2([S@](C)(=N)=O)CC2)c2cnn(C3=NN=CC3)c2n1,450.57200000000023,3.5077700000000016,2,8,5,111.62000000000002,32,3,no
325,,CNc1cc(-c2c(N(C)C)cccc2C2([S@](C)(=N)=O)CC2)nc2c1cnn2C1=NN=CC1,450.57200000000023,3.5077700000000016,2,8,5,111.62,32,3,no
326,,CNc1cccc(N(C)C)c1-c1cc(C2([S@](C)(=N)=O)CC2)c2cnn(C3=NN=CC3)c2n1,450.57200000000023,3.5077700000000016,2,8,5,111.62000000000002,32,3,no
327,,CNc1cccc(N(C)C)c1-c1cc(C2([S@](C)(=N)=O)CC2)nc2c1cnn2C1=NN=CC1,450.57200000000023,3.5077700000000016,2,8,5,111.62,32,3,no
328,,CNc1cc(-c2cc(C3([S@](C)(=N)=O)CC3)nc3c2cnn3C2=NN=CC2)nc(N(C)C)n1,452.5480000000002,2.29777,2,10,5,137.39999999999998,32,3,no
329,,CNc1nc(-c2cc(C3([S@](C)(=N)=O)CC3)nc3c2cnn3C2=NN=CC2)cc(N(C)C)n1,452.5480000000002,2.29777,2,10,5,137.4,32,3,no
330,,CNc1cc(N(C)C)nc(-c2cc(C3([S@](C)(=N)=O)CC3)nc3c2cnn3C2=NN=CC2)n1,452.5480000000003,2.29777,2,10,5,137.40000000000003,32,3,no
331,,COc1cc(-c2cc(C3([S@](C)(=N)=O)CC3)nc3c2cnn3C2=NN=CC2)nc(N(C)C)n1,453.53200000000015,2.2646700000000006,1,10,5,134.60000000000002,32,3,no
332,,COc1nc(-c2cc(C3([S@](C)(=N)=O)CC3)nc3c2cnn3C2=NN=CC2)cc(N(C)C)n1,453.53200000000015,2.2646699999999997,1,10,5,134.6,32,3,no
333,,COc1cc(N(C)C)nc(-c2cc(C3([S@](C)(=N)=O)CC3)nc3c2cnn3C2=NN=CC2)n1,453.53200000000027,2.2646699999999997,1,10,5,134.60000000000002,32,3,no
334,,CN(C)c1cc(-c2cc(N(C)C)c3cnn(C4=NN=CC4)c3n2)nc2c1cnn2C1=NN=CC1,454.5020000000002,2.2472000000000003,0,10,3,117.34,34,3,no
335,,CNCc1cc(-c2cc(N(C)C)c3cnn(C4=NN=CC4)c3n2)nc2c1cnn2C1=NN=CC1,454.5020000000002,1.9005999999999998,1,10,4,126.13,34,3,no
336,,CNc1cc(-c2cc(CN(C)C)c3cnn(C4=NN=CC4)c3n2)nc2c1cnn2C1=NN=CC1,454.50200000000024,2.2184999999999997,1,10,4,126.13,34,3,no
337,,COCc1cc(-c2cc(N(C)C)c3cnn(C4=NN=CC4)c3n2)nc2c1cnn2C1=NN=CC1,455.4860000000002,2.3276000000000003,0,10,4,123.33000000000001,34,3,no
338,,C[S@@](=N)(=O)C1(c2cc(NC[C@]3(O)C[C@H]4CC[C@@H](C3)O4)c3cnn(C4=NN=CC4)c3n2)CC1,457.56000000000023,2.2174699999999996,3,9,5,137.84000000000003,32,3,no
339,,C[S@@](=N)(=O)C1(CNc2cc([C@]3(O)C[C@H]4CC[C@@H](C3)O4)nc3c2cnn3C2=NN=CC2)CC1,457.5600000000003,2.2174699999999996,3,9,5,137.84,32,3,no
340,,C[S@@](=N)(=O)C1(c2cc(OC[C@]3(O)C[C@H]4CC[C@@H](C3)O4)c3cnn(C4=NN=CC4)c3n2)CC1,458.5440000000002,2.1843699999999995,2,9,5,135.04000000000002,32,3,no
341,,CNc1c(-c2cc([C@]3(O)C[C@H]4CC[C@@H](C3)O4)nc3c2cnn3C2=NN=CC2)cccc1N(C)C,459.55400000000014,3.371100000000002,2,8,4,100.15999999999998,34,3,no
342,,CNc1cccc([C@]2(O)C[C@H]3CC[C@@H](C2)O3)c1-c1cc(N(C)C)c2cnn(C3=NN=CC3)c2n1,459.55400000000014,3.371100000000002,2,8,4,100.16,34,3,no
343,,CNc1cccc([C@]2(O)C[C@H]3CC[C@@H](C2)O3)c1-c1cc(N(C)C)nc2c1cnn2C1=NN=CC1,459.55400000000014,3.371100000000002,2,8,4,100.16,34,3,no
344,,CNc1cccc(-c2cc([C@]3(O)C[C@H]4CC[C@@H](C3)O4)nc3c2cnn3C2=NN=CC2)c1N(C)C,459.5540000000002,3.371100000000002,2,8,4,100.15999999999998,34,3,no
345,,CNc1cc(-c2c(N(C)C)cccc2[C@]2(O)C[C@H]3CC[C@@H](C2)O3)c2cnn(C3=NN=CC3)c2n1,459.55400000000026,3.371100000000002,2,8,4,100.16,34,3,no
346,,CNc1cc(-c2c(N(C)C)cccc2[C@]2(O)C[C@H]3CC[C@@H](C2)O3)nc2c1cnn2C1=NN=CC1,459.55400000000026,3.371100000000002,2,8,4,100.16,34,3,no
347,,CNc1cccc(N(C)C)c1-c1cc([C@]2(O)C[C@H]3CC[C@@H](C2)O3)c2cnn(C3=NN=CC3)c2n1,459.55400000000026,3.371100000000002,2,8,4,100.16,34,3,no
348,,CNc1cccc(N(C)C)c1-c1cc([C@]2(O)C[C@H]3CC[C@@H](C2)O3)nc2c1cnn2C1=NN=CC1,459.55400000000026,3.371100000000002,2,8,4,100.16,34,3,no
349,,COc1c(-c2cc([C@]3(O)C[C@H]4CC[C@@H](C3)O4)nc3c2cnn3C2=NN=CC2)cccc1N(C)C,460.5380000000001,3.338000000000002,1,8,4,97.36,34,3,no
350,,COc1cccc([C@]2(O)C[C@H]3CC[C@@H](C2)O3)c1-c1cc(N(C)C)c2cnn(C3=NN=CC3)c2n1,460.5380000000001,3.338000000000002,1,8,4,97.36,34,3,no
351,,COc1cccc([C@]2(O)C[C@H]3CC[C@@H](C2)O3)c1-c1cc(N(C)C)nc2c1cnn2C1=NN=CC1,460.5380000000001,3.338000000000002,1,8,4,97.36000000000001,34,3,no
352,,COc1cccc(-c2cc([C@]3(O)C[C@H]4CC[C@@H](C3)O4)nc3c2cnn3C2=NN=CC2)c1N(C)C,460.5380000000002,3.338000000000001,1,8,4,97.36,34,3,no
353,,COc1cccc(N(C)C)c1-c1cc([C@]2(O)C[C@H]3CC[C@@H](C2)O3)c2cnn(C3=NN=CC3)c2n1,460.53800000000024,3.338000000000002,1,8,4,97.36000000000001,34,3,no
354,,COc1cccc(N(C)C)c1-c1cc([C@]2(O)C[C@H]3CC[C@@H](C2)O3)nc2c1cnn2C1=NN=CC1,460.53800000000024,3.338000000000002,1,8,4,97.36000000000001,34,3,no
355,,COc1cc(-c2c(N(C)C)cccc2[C@]2(O)C[C@H]3CC[C@@H](C2)O3)c2cnn(C3=NN=CC3)c2n1,460.5380000000003,3.338000000000002,1,8,4,97.36000000000001,34,3,no
356,,COc1cc(-c2c(N(C)C)cccc2[C@]2(O)C[C@H]3CC[C@@H](C2)O3)nc2c1cnn2C1=NN=CC1,460.5380000000003,3.338000000000002,1,8,4,97.36000000000001,34,3,no
357,,CN(C)Cc1nc(-c2cc([C@]3(O)C[C@H]4CC[C@@H](C3)O4)nc3c2cnn3C2=NN=CC2)cnc1N,461.53000000000014,1.6971999999999996,2,10,4,139.93,34,3,no
358,,CN(C)Cc1cnc(N)c(-c2cc([C@]3(O)C[C@H]4CC[C@@H](C3)O4)nc3c2cnn3C2=NN=CC2)n1,461.53000000000026,1.6972000000000003,2,10,4,139.93,34,3,no
359,,CN(C)c1cccc(N(C)C)c1-c1cc(-c2cncc3[nH]ccc23)c2cnn(C3=NN=CC3)c2n1,463.54900000000015,4.4097000000000035,1,7,4,90.59,35,3,no
360,,CN(C)c1cccc(N(C)C)c1-c1cc(-c2cncc3[nH]ccc23)nc2c1cnn2C1=NN=CC1,463.54900000000015,4.4097000000000035,1,7,4,90.59,35,3,no
361,,CN(C)c1cccc(-c2cncc3[nH]ccc23)c1-c1cc(N(C)C)c2cnn(C3=NN=CC3)c2n1,463.5490000000002,4.4097000000000035,1,7,4,90.59,35,3,no
362,,CN(C)c1cc(-c2c(-c3cncc4[nH]ccc34)cccc2N(C)C)c2cnn(C3=NN=CC3)c2n1,463.54900000000026,4.409700000000003,1,7,4,90.59,35,3,no
363,,CN(C)c1cccc(C2([S@](C)(=N)=O)CC2)c1-c1cc(N(C)C)c2cnn(C3=NN=CC3)c2n1,464.59900000000016,3.5320700000000027,1,8,5,102.83,33,3,no
364,,CN(C)c1cccc(-c2cc(C3([S@](C)(=N)=O)CC3)nc3c2cnn3C2=NN=CC2)c1N(C)C,464.5990000000002,3.5320700000000027,1,8,5,102.83,33,3,no
365,,CN(C)c1cccc(N(C)C)c1-c1cc(C2([S@](C)(=N)=O)CC2)c2cnn(C3=NN=CC3)c2n1,464.5990000000002,3.532070000000002,1,8,5,102.83,33,3,no
366,,CN(C)c1cccc(N(C)C)c1-c1cc(C2([S@](C)(=N)=O)CC2)nc2c1cnn2C1=NN=CC1,464.5990000000002,3.532070000000002,1,8,5,102.83000000000001,33,3,no
367,,CN(C)c1cc(-c2c(N(C)C)cccc2C2([S@](C)(=N)=O)CC2)c2cnn(C3=NN=CC3)c2n1,464.5990000000003,3.532070000000002,1,8,5,102.83,33,3,no
368,,CN(C)c1cc(-c2cc(C3([S@](C)(=N)=O)CC3)nc3c2cnn3C2=NN=CC2)nc(N(C)C)n1,466.57500000000016,2.32207,1,10,5,128.61,33,3,no
369,,CN(C)c1cc(N(C)C)nc(-c2cc(C3([S@](C)(=N)=O)CC3)nc3c2cnn3C2=NN=CC2)n1,466.5750000000002,2.32207,1,10,5,128.61,33,3,no
370,,C[C@@H]1COCCN1c1cc(-c2cc(C3([S@](C)(=N)=O)CC3)nc3c2cnn3C2=NN=CC2)[nH]n1,467.55900000000025,2.3482699999999994,2,9,4,137.5,33,3,no
371,,C[C@@H]1COCCN1c1cc(-c2cc(C3([S@](C)(=N)=O)CC3)nc3c2cnn3C2=NN=CC2)n[nH]1,467.55900000000025,2.3482699999999994,2,9,4,137.5,33,3,no
372,,CN(C)Cc1cc(-c2cc(N(C)C)c3cnn(C4=NN=CC4)c3n2)nc2c1cnn2C1=NN=CC1,468.5290000000002,2.2428,0,10,4,117.34,35,3,no
373,,C[C@@H]1COCCN1c1cc(-c2cc(C3([S@](C)(=N)=O)CC3)nc3c2cnn3C2=NN=CC2)no1,468.5430000000003,2.61317,1,10,4,134.85,33,3,no
374,,C[C@@H]1COCCN1c1cc(-c2cc(C3([S@](C)(=N)=O)CC3)nc3c2cnn3C2=NN=CC2)on1,468.5430000000003,2.61317,1,10,4,134.85,33,3,no
375,,CN(C)c1cccc(-c2cc([C@]3(O)C[C@H]4CC[C@@H](C3)O4)nc3c2cnn3C2=NN=CC2)c1N(C)C,473.5810000000002,3.395400000000002,1,8,4,91.37,35,3,no
376,,CN(C)c1cccc([C@]2(O)C[C@H]3CC[C@@H](C2)O3)c1-c1cc(N(C)C)c2cnn(C3=NN=CC3)c2n1,473.5810000000002,3.395400000000002,1,8,4,91.37,35,3,no
377,,CN(C)c1cccc(N(C)C)c1-c1cc([C@]2(O)C[C@H]3CC[C@@H](C2)O3)c2cnn(C3=NN=CC3)c2n1,473.58100000000024,3.395400000000002,1,8,4,91.37,35,3,no
378,,CN(C)c1cccc(N(C)C)c1-c1cc([C@]2(O)C[C@H]3CC[C@@H](C2)O3)nc2c1cnn2C1=NN=CC1,473.58100000000024,3.395400000000002,1,8,4,91.37,35,3,no
379,,CN(C)c1cc(-c2c(N(C)C)cccc2[C@]2(O)C[C@H]3CC[C@@H](C2)O3)c2cnn(C3=NN=CC3)c2n1,473.5810000000003,3.395400000000002,1,8,4,91.37,35,3,no
380,,COc1cc(-c2ccc(-c3cc(C4([S@](C)(=N)=O)CC4)nc4c3cnn4C3=NN=CC3)cc2)no1,475.5340000000003,4.063670000000003,1,9,5,131.61,34,3,no
381,,COc1cc(-c2ccc(-c3cc(C4([S@](C)(=N)=O)CC4)nc4c3cnn4C3=NN=CC3)cc2)on1,475.5340000000003,4.063670000000003,1,9,5,131.61,34,3,no
382,,COc1ccc(-c2cc(-c3cc(C4([S@](C)(=N)=O)CC4)nc4c3cnn4C3=NN=CC3)no2)cc1,475.5340000000003,4.063670000000003,1,9,5,131.61,34,3,no
383,,COc1ccc(-c2cc(-c3cc(C4([S@](C)(=N)=O)CC4)nc4c3cnn4C3=NN=CC3)on2)cc1,475.5340000000003,4.063670000000003,1,9,5,131.61,34,3,no
384,,C[C@@H]1COCCN1c1ccc(-c2cc(C3([S@](C)(=N)=O)CC3)nc3c2cnn3C2=NN=CC2)cc1,477.5940000000002,3.6251700000000024,1,8,4,108.82,34,3,no
385,,CNc1cc(-c2ccc(-c3cc([C@]4(O)C[C@H]5CC[C@@H](C4)O5)nc4c3cnn4C3=NN=CC3)cc2)[nH]n1,482.5480000000002,3.6952000000000016,3,8,4,125.59999999999998,36,3,no
386,,CNc1cc(-c2ccc(-c3cc([C@]4(O)C[C@H]5CC[C@@H](C4)O5)nc4c3cnn4C3=NN=CC3)cc2)n[nH]1,482.5480000000002,3.6952000000000016,3,8,4,125.6,36,3,no
387,,CNc1ccc(-c2cc(-c3cc([C@]4(O)C[C@H]5CC[C@@H](C4)O5)nc4c3cnn4C3=NN=CC3)[nH]n2)cc1,482.5480000000002,3.6952000000000016,3,8,4,125.59999999999998,36,3,no
388,,CNc1ccc(-c2cc(-c3cc([C@]4(O)C[C@H]5CC[C@@H](C4)O5)nc4c3cnn4C3=NN=CC3)n[nH]2)cc1,482.5480000000002,3.6952000000000016,3,8,4,125.6,36,3,no
389,,COc1cc(-c2ccc(-c3cc([C@]4(O)C[C@H]5CC[C@@H](C4)O5)nc4c3cnn4C3=NN=CC3)cc2)[nH]n1,483.53200000000015,3.6621000000000015,2,8,4,122.8,36,3,no
390,,COc1cc(-c2ccc(-c3cc([C@]4(O)C[C@H]5CC[C@@H](C4)O5)nc4c3cnn4C3=NN=CC3)cc2)n[nH]1,483.53200000000015,3.6621000000000015,2,8,4,122.80000000000001,36,3,no
391,,COc1ccc(-c2cc(-c3cc([C@]4(O)C[C@H]5CC[C@@H](C4)O5)nc4c3cnn4C3=NN=CC3)[nH]n2)cc1,483.53200000000015,3.6621000000000015,2,8,4,122.8,36,3,no
392,,COc1ccc(-c2cc(-c3cc([C@]4(O)C[C@H]5CC[C@@H](C4)O5)nc4c3cnn4C3=NN=CC3)n[nH]2)cc1,483.53200000000015,3.6621000000000015,2,8,4,122.80000000000001,36,3,no
393,,CNc1cc(-c2ccc(-c3cc([C@]4(O)C[C@H]5CC[C@@H](C4)O5)nc4c3cnn4C3=NN=CC3)cc2)no1,483.5320000000002,3.9601000000000024,2,9,4,122.94999999999999,36,3,no
394,,CNc1cc(-c2ccc(-c3cc([C@]4(O)C[C@H]5CC[C@@H](C4)O5)nc4c3cnn4C3=NN=CC3)cc2)on1,483.5320000000002,3.9601000000000024,2,9,4,122.94999999999999,36,3,no
395,,CNc1ccc(-c2cc(-c3cc([C@]4(O)C[C@H]5CC[C@@H](C4)O5)nc4c3cnn4C3=NN=CC3)no2)cc1,483.5320000000002,3.9601000000000024,2,9,4,122.94999999999999,36,3,no
396,,CNc1ccc(-c2cc(-c3cc([C@]4(O)C[C@H]5CC[C@@H](C4)O5)nc4c3cnn4C3=NN=CC3)on2)cc1,483.5320000000002,3.9601000000000024,2,9,4,122.94999999999999,36,3,no
397,,CNc1ccc(-c2ccc(-c3cc(C4([S@](C)(=N)=O)CC4)nc4c3cnn4C3=NN=CC3)cc2)cc1,483.6010000000003,5.108770000000003,2,7,5,108.38,35,3,no
398,,COc1cc(-c2ccc(-c3cc([C@]4(O)C[C@H]5CC[C@@H](C4)O5)nc4c3cnn4C3=NN=CC3)cc2)no1,484.5160000000002,3.9270000000000023,1,9,4,120.15,36,3,no
399,,COc1cc(-c2ccc(-c3cc([C@]4(O)C[C@H]5CC[C@@H](C4)O5)nc4c3cnn4C3=NN=CC3)cc2)on1,484.5160000000002,3.9270000000000023,1,9,4,120.15,36,3,no
400,,COc1ccc(-c2cc(-c3cc([C@]4(O)C[C@H]5CC[C@@H](C4)O5)nc4c3cnn4C3=NN=CC3)no2)cc1,484.5160000000002,3.9270000000000023,1,9,4,120.15,36,3,no
401,,COc1ccc(-c2cc(-c3cc([C@]4(O)C[C@H]5CC[C@@H](C4)O5)nc4c3cnn4C3=NN=CC3)on2)cc1,484.5160000000002,3.9270000000000023,1,9,4,120.15,36,3,no
402,,COc1ccc(-c2ccc(-c3cc(C4([S@](C)(=N)=O)CC4)nc4c3cnn4C3=NN=CC3)cc2)cc1,484.58500000000026,5.075670000000004,1,7,5,105.58000000000001,35,3,no
403,,CC(C)S(=O)(=O)c1ccc(-c2cc(C3([S@](C)(=N)=O)CC3)nc3c2cnn3C2=NN=CC2)cc1,484.60700000000026,3.5821700000000023,1,8,5,130.49,33,3,no
404,,C[C@@H]1COCCN1c1ccc(-c2cc([C@]3(O)C[C@H]4CC[C@@H](C3)O4)nc3c2cnn3C2=NN=CC2)cc1,486.57600000000025,3.488500000000002,1,8,3,97.36000000000001,36,3,no
405,,CN(C)c1cc(-c2ccc(-c3cc(C4([S@](C)(=N)=O)CC4)nc4c3cnn4C3=NN=CC3)cc2)[nH]n1,487.59300000000025,3.8561700000000014,2,8,5,128.26999999999998,35,3,no
406,,CN(C)c1cc(-c2ccc(-c3cc(C4([S@](C)(=N)=O)CC4)nc4c3cnn4C3=NN=CC3)cc2)n[nH]1,487.59300000000025,3.8561700000000014,2,8,5,128.27,35,3,no
407,,CN(C)c1ccc(-c2cc(-c3cc(C4([S@](C)(=N)=O)CC4)nc4c3cnn4C3=NN=CC3)[nH]n2)cc1,487.59300000000025,3.8561700000000023,2,8,5,128.26999999999998,35,3,no
408,,CN(C)c1ccc(-c2cc(-c3cc(C4([S@](C)(=N)=O)CC4)nc4c3cnn4C3=NN=CC3)n[nH]2)cc1,487.59300000000025,3.8561700000000023,2,8,5,128.27,35,3,no
409,,CN(C)c1cc(-c2ccc(-c3cc(C4([S@](C)(=N)=O)CC4)nc4c3cnn4C3=NN=CC3)cc2)no1,488.5770000000003,4.121070000000003,1,9,5,125.62,35,3,no
410,,CN(C)c1cc(-c2ccc(-c3cc(C4([S@](C)(=N)=O)CC4)nc4c3cnn4C3=NN=CC3)cc2)on1,488.5770000000003,4.121070000000003,1,9,5,125.62,35,3,no
411,,CN(C)c1ccc(-c2cc(-c3cc(C4([S@](C)(=N)=O)CC4)nc4c3cnn4C3=NN=CC3)no2)cc1,488.5770000000003,4.121070000000003,1,9,5,125.62,35,3,no
412,,CN(C)c1ccc(-c2cc(-c3cc(C4([S@](C)(=N)=O)CC4)nc4c3cnn4C3=NN=CC3)on2)cc1,488.5770000000003,4.121070000000003,1,9,5,125.62,35,3,no
413,,CNc1cccc(N2CCOC[C@H]2C)c1-c1cc(N2CCOC[C@H]2C)c2cnn(C3=NN=CC3)c2n1,488.5960000000003,3.226300000000002,1,9,4,92.4,36,3,no
414,,CNc1cccc(N2CCOC[C@H]2C)c1-c1cc(N2CCOC[C@H]2C)nc2c1cnn2C1=NN=CC1,488.5960000000003,3.226300000000002,1,9,4,92.4,36,3,no
415,,CNc1cc(-c2c(N3CCOC[C@H]3C)cccc2N2CCOC[C@H]2C)c2cnn(C3=NN=CC3)c2n1,488.59600000000034,3.226300000000002,1,9,4,92.4,36,3,no
416,,CNc1cc(-c2c(N3CCOC[C@H]3C)cccc2N2CCOC[C@H]2C)nc2c1cnn2C1=NN=CC1,488.59600000000034,3.226300000000002,1,9,4,92.4,36,3,no
417,,COc1cccc(N2CCOC[C@H]2C)c1-c1cc(N2CCOC[C@H]2C)c2cnn(C3=NN=CC3)c2n1,489.58000000000027,3.193200000000002,0,9,4,89.6,36,3,no
418,,COc1cccc(N2CCOC[C@H]2C)c1-c1cc(N2CCOC[C@H]2C)nc2c1cnn2C1=NN=CC1,489.58000000000027,3.193200000000002,0,9,4,89.6,36,3,no
419,,COc1cc(-c2c(N3CCOC[C@H]3C)cccc2N2CCOC[C@H]2C)c2cnn(C3=NN=CC3)c2n1,489.5800000000003,3.193200000000002,0,9,4,89.6,36,3,no
420,,COc1cc(-c2c(N3CCOC[C@H]3C)cccc2N2CCOC[C@H]2C)nc2c1cnn2C1=NN=CC1,489.5800000000003,3.193200000000002,0,9,4,89.6,36,3,no
421,,C[C@@H]1COCCN1Cc1cc(-c2cc([C@]3(O)C[C@H]4CC[C@@H](C3)O4)nc3c2cnn3C2=NN=CC2)[nH]n1,490.56800000000027,2.2072,2,9,4,126.04,36,3,no
422,,C[C@@H]1COCCN1Cc1cc(-c2cc([C@]3(O)C[C@H]4CC[C@@H](C3)O4)nc3c2cnn3C2=NN=CC2)n[nH]1,490.56800000000027,2.2072,2,9,4,126.04000000000002,36,3,no
423,,C[C@@H]1COCCN1Cc1cc(-c2cc([C@]3(O)C[C@H]4CC[C@@H](C3)O4)nc3c2cnn3C2=NN=CC2)no1,491.5520000000003,2.4721,1,10,4,123.39000000000001,36,3,no
424,,C[C@@H]1COCCN1Cc1cc(-c2cc([C@]3(O)C[C@H]4CC[C@@H](C3)O4)nc3c2cnn3C2=NN=CC2)on1,491.5520000000003,2.4721,1,10,4,123.39000000000001,36,3,no
425,,C[C@@H]1COCCN1Cc1ccc(-c2cc(C3([S@](C)(=N)=O)CC3)nc3c2cnn3C2=NN=CC2)cc1,491.62100000000027,3.620770000000002,1,8,5,108.82,35,3,no
426,,CNc1cccc(N2CCOC[C@H]2C)c1-c1cc(-c2cnc(C#N)cn2)c2cnn(C3=NN=CC3)c2n1,492.5470000000002,3.329880000000002,1,10,4,129.5,37,3,no
427,,CNc1cccc(N2CCOC[C@H]2C)c1-c1cc(-c2cnc(C#N)cn2)nc2c1cnn2C1=NN=CC1,492.5470000000002,3.329880000000002,1,10,4,129.5,37,3,no
428,,CNc1cc(-c2c(-c3cnc(C#N)cn3)cccc2N2CCOC[C@H]2C)c2cnn(C3=NN=CC3)c2n1,492.5470000000003,3.329880000000002,1,10,4,129.5,37,3,no
429,,CNc1cc(-c2c(-c3cnc(C#N)cn3)cccc2N2CCOC[C@H]2C)nc2c1cnn2C1=NN=CC1,492.5470000000003,3.329880000000002,1,10,4,129.5,37,3,no
430,,CNc1cccc(-c2cnc(C#N)cn2)c1-c1cc(N2CCOC[C@H]2C)c2cnn(C3=NN=CC3)c2n1,492.5470000000003,3.329880000000002,1,10,4,129.5,37,3,no
431,,CNc1cccc(-c2cnc(C#N)cn2)c1-c1cc(N2CCOC[C@H]2C)nc2c1cnn2C1=NN=CC1,492.5470000000003,3.329880000000002,1,10,4,129.5,37,3,no
432,,CNc1ccc(-c2ccc(-c3cc([C@]4(O)C[C@H]5CC[C@@H](C4)O5)nc4c3cnn4C3=NN=CC3)cc2)cc1,492.5830000000002,4.972100000000004,2,7,4,96.91999999999999,37,3,no
433,,C[C@@H]1COCCN1c1ccc(Nc2cc(C3([S@](C)(=N)=O)CC3)nc3c2cnn3C2=NN=CC2)cc1,492.60900000000026,3.7017700000000024,2,9,5,120.85,35,3,no
434,,COc1cccc(N2CCOC[C@H]2C)c1-c1cc(-c2cnc(C#N)cn2)c2cnn(C3=NN=CC3)c2n1,493.5310000000002,3.296780000000001,0,10,4,126.7,37,3,no
435,,COc1cccc(N2CCOC[C@H]2C)c1-c1cc(-c2cnc(C#N)cn2)nc2c1cnn2C1=NN=CC1,493.5310000000002,3.296780000000001,0,10,4,126.70000000000002,37,3,no
436,,COc1cccc(-c2cnc(C#N)cn2)c1-c1cc(N2CCOC[C@H]2C)c2cnn(C3=NN=CC3)c2n1,493.5310000000003,3.296780000000002,0,10,4,126.7,37,3,no
437,,COc1cccc(-c2cnc(C#N)cn2)c1-c1cc(N2CCOC[C@H]2C)nc2c1cnn2C1=NN=CC1,493.5310000000003,3.296780000000001,0,10,4,126.69999999999999,37,3,no
438,,COc1cc(-c2c(-c3cnc(C#N)cn3)cccc2N2CCOC[C@H]2C)c2cnn(C3=NN=CC3)c2n1,493.53100000000035,3.296780000000001,0,10,4,126.7,37,3,no
439,,COc1cc(-c2c(-c3cnc(C#N)cn3)cccc2N2CCOC[C@H]2C)nc2c1cnn2C1=NN=CC1,493.53100000000035,3.296780000000001,0,10,4,126.69999999999999,37,3,no
440,,COc1ccc(-c2ccc(-c3cc([C@]4(O)C[C@H]5CC[C@@H](C4)O5)nc4c3cnn4C3=NN=CC3)cc2)cc1,493.5670000000002,4.9390000000000045,1,7,4,94.12,37,3,no
441,,CC(C)S(=O)(=O)c1ccc(-c2cc([C@]3(O)C[C@H]4CC[C@@H](C3)O4)nc3c2cnn3C2=NN=CC2)cc1,493.5890000000003,3.4455000000000027,1,8,4,119.03,35,3,no
442,,C[C@@H]1COCCN1c1ccc(Oc2cc(C3([S@](C)(=N)=O)CC3)nc3c2cnn3C2=NN=CC2)cc1,493.59300000000025,3.7504700000000026,1,9,5,118.05000000000001,35,3,no
443,,C[S@@](=N)(=O)C1(c2cc(-c3ccc(-c4cncc5[nH]ccc45)cc3)c3cnn(C4=NN=CC4)c3n2)CC1,494.5840000000003,4.943370000000003,2,7,4,125.02999999999999,36,3,no
444,,CN(C)c1cc(-c2ccc(-c3cc([C@]4(O)C[C@H]5CC[C@@H](C4)O5)nc4c3cnn4C3=NN=CC3)cc2)[nH]n1,496.57500000000016,3.719500000000002,2,8,4,116.81000000000002,37,3,no
445,,CN(C)c1cc(-c2ccc(-c3cc([C@]4(O)C[C@H]5CC[C@@H](C4)O5)nc4c3cnn4C3=NN=CC3)cc2)n[nH]1,496.57500000000016,3.719500000000002,2,8,4,116.81,37,3,no
446,,CN(C)c1ccc(-c2cc(-c3cc([C@]4(O)C[C@H]5CC[C@@H](C4)O5)nc4c3cnn4C3=NN=CC3)[nH]n2)cc1,496.57500000000016,3.719500000000002,2,8,4,116.81000000000002,37,3,no
447,,CN(C)c1ccc(-c2cc(-c3cc([C@]4(O)C[C@H]5CC[C@@H](C4)O5)nc4c3cnn4C3=NN=CC3)n[nH]2)cc1,496.57500000000016,3.719500000000002,2,8,4,116.81,37,3,no
448,,CN(C)c1cc(-c2ccc(-c3cc([C@]4(O)C[C@H]5CC[C@@H](C4)O5)nc4c3cnn4C3=NN=CC3)cc2)no1,497.5590000000002,3.9844000000000026,1,9,4,114.16000000000001,37,3,no
449,,CN(C)c1cc(-c2ccc(-c3cc([C@]4(O)C[C@H]5CC[C@@H](C4)O5)nc4c3cnn4C3=NN=CC3)cc2)on1,497.5590000000002,3.9844000000000026,1,9,4,114.16000000000001,37,3,no
450,,CN(C)c1ccc(-c2cc(-c3cc([C@]4(O)C[C@H]5CC[C@@H](C4)O5)nc4c3cnn4C3=NN=CC3)no2)cc1,497.5590000000002,3.9844000000000026,1,9,4,114.16000000000001,37,3,no
451,,CN(C)c1ccc(-c2cc(-c3cc([C@]4(O)C[C@H]5CC[C@@H](C4)O5)nc4c3cnn4C3=NN=CC3)on2)cc1,497.5590000000002,3.9844000000000026,1,9,4,114.16000000000001,37,3,no
452,,CN(C)c1ccc(-c2ccc(-c3cc(C4([S@](C)(=N)=O)CC4)nc4c3cnn4C3=NN=CC3)cc2)cc1,497.62800000000027,5.1330700000000045,1,7,5,99.59,36,3,no
453,,C[C@@H]1COCCN1Cc1ccc(-c2cc([C@]3(O)C[C@H]4CC[C@@H](C3)O4)nc3c2cnn3C2=NN=CC2)cc1,500.6030000000003,3.4841000000000024,1,8,4,97.36000000000001,37,3,no
454,,C[C@@H]1COCCN1c1ccc(Nc2cc([C@]3(O)C[C@H]4CC[C@@H](C3)O4)nc3c2cnn3C2=NN=CC2)cc1,501.5910000000003,3.565100000000002,2,9,4,109.39000000000001,37,3,no
455,,CNc1cccc(-c2ccc(S(=O)(=O)C(C)C)cc2)c1-c1cc(NC)c2cnn(C3=NN=CC3)c2n1,501.6160000000002,4.666900000000004,2,8,6,113.63000000000001,36,3,no
456,,CNc1cc(-c2c(NC)cccc2-c2ccc(S(=O)(=O)C(C)C)cc2)c2cnn(C3=NN=CC3)c2n1,501.61600000000027,4.666900000000004,2,8,6,113.63000000000001,36,3,no
457,,CNc1cccc(NC)c1-c1cc(-c2ccc(S(=O)(=O)C(C)C)cc2)c2cnn(C3=NN=CC3)c2n1,501.61600000000027,4.666900000000004,2,8,6,113.63000000000001,36,3,no
458,,CNc1cccc(NC)c1-c1cc(-c2ccc(S(=O)(=O)C(C)C)cc2)nc2c1cnn2C1=NN=CC1,501.61600000000027,4.666900000000004,2,8,6,113.63,36,3,no
459,,CNc1cc(-c2c(OC)cccc2-c2ccc(S(=O)(=O)C(C)C)cc2)c2cnn(C3=NN=CC3)c2n1,502.60000000000025,4.633800000000004,1,8,6,110.83,36,3,no
460,,CNc1cc(-c2c(OC)cccc2-c2ccc(S(=O)(=O)C(C)C)cc2)nc2c1cnn2C1=NN=CC1,502.60000000000025,4.633800000000004,1,8,6,110.82999999999998,36,3,no
461,,CNc1cccc(-c2ccc(S(=O)(=O)C(C)C)cc2)c1-c1cc(OC)c2cnn(C3=NN=CC3)c2n1,502.60000000000025,4.633800000000004,1,8,6,110.83,36,3,no
462,,CNc1cccc(-c2ccc(S(=O)(=O)C(C)C)cc2)c1-c1cc(OC)nc2c1cnn2C1=NN=CC1,502.60000000000025,4.633800000000004,1,8,6,110.83000000000001,36,3,no
463,,CNc1cccc(OC)c1-c1cc(-c2ccc(S(=O)(=O)C(C)C)cc2)c2cnn(C3=NN=CC3)c2n1,502.60000000000025,4.633800000000004,1,8,6,110.83,36,3,no
464,,CNc1cccc(OC)c1-c1cc(-c2ccc(S(=O)(=O)C(C)C)cc2)nc2c1cnn2C1=NN=CC1,502.60000000000025,4.633800000000004,1,8,6,110.82999999999998,36,3,no
465,,C[C@@H]1COCCN1c1cccc(N2CCOC[C@H]2C)c1-c1cc(N(C)C)c2cnn(C3=NN=CC3)c2n1,502.6230000000003,3.250600000000002,0,9,4,83.61,37,3,no
466,,C[C@@H]1COCCN1c1cccc(N2CCOC[C@H]2C)c1-c1cc(N(C)C)nc2c1cnn2C1=NN=CC1,502.6230000000003,3.250600000000002,0,9,4,83.61,37,3,no
467,,C[C@@H]1COCCN1c1cc(-c2c(N(C)C)cccc2N2CCOC[C@H]2C)c2cnn(C3=NN=CC3)c2n1,502.62300000000033,3.250600000000002,0,9,4,83.61,37,3,no
468,,C[C@@H]1COCCN1c1cccc(N(C)C)c1-c1cc(N2CCOC[C@H]2C)c2cnn(C3=NN=CC3)c2n1,502.62300000000033,3.250600000000002,0,9,4,83.61,37,3,no
469,,O[C@@]1(c2cc(-c3ccc(-c4cncc5[nH]ccc45)cc3)c3cnn(C4=NN=CC4)c3n2)C[C@H]2CC[C@@H](C1)O2,503.5660000000004,4.806700000000005,2,7,3,113.57000000000001,38,3,no
470,,COc1cccc(-c2ccc(S(=O)(=O)C(C)C)cc2)c1-c1cc(OC)c2cnn(C3=NN=CC3)c2n1,503.58400000000023,4.600700000000004,0,8,6,108.03000000000002,36,3,no
471,,COc1cccc(OC)c1-c1cc(-c2ccc(S(=O)(=O)C(C)C)cc2)c2cnn(C3=NN=CC3)c2n1,503.58400000000023,4.600700000000003,0,8,6,108.03000000000002,36,3,no
472,,COc1cccc(OC)c1-c1cc(-c2ccc(S(=O)(=O)C(C)C)cc2)nc2c1cnn2C1=NN=CC1,503.58400000000023,4.600700000000003,0,8,6,108.03,36,3,no
473,,COc1cc(-c2c(OC)cccc2-c2ccc(S(=O)(=O)C(C)C)cc2)c2cnn(C3=NN=CC3)c2n1,503.5840000000003,4.600700000000003,0,8,6,108.03000000000002,36,3,no
474,,COc1ccc(-c2cc(-c3cc(OC)c4cnn(C5=NN=CC5)c4n3)nc3c2cnn3C2=NN=CC2)cc1,504.51400000000024,3.799400000000002,0,10,4,129.32,38,3,no
475,,C[S@@](=N)(=O)C1(c2cc(-c3ccc([C@]4(O)C[C@H]5CC[C@@H](C4)O5)cc3)c3cnn(C4=NN=CC4)c3n2)CC1,504.6160000000003,3.929070000000003,2,8,4,125.81000000000002,36,3,no
476,,C[S@@](=N)(=O)C1(c2ccc(-c3cc([C@]4(O)C[C@H]5CC[C@@H](C4)O5)nc4c3cnn4C3=NN=CC3)cc2)CC1,504.6160000000003,3.929070000000003,2,8,4,125.81,36,3,no
477,,CNc1cccc(N2CCOC[C@H]2C)c1-c1cc(-c2cncc3[nH]ccc23)c2cnn(C3=NN=CC3)c2n1,505.5860000000002,4.544500000000004,2,8,4,108.61,38,3,no
478,,CNc1cccc(N2CCOC[C@H]2C)c1-c1cc(-c2cncc3[nH]ccc23)nc2c1cnn2C1=NN=CC1,505.5860000000002,4.544500000000004,2,8,4,108.60999999999999,38,3,no
479,,CNc1cc(-c2c(-c3cncc4[nH]ccc34)cccc2N2CCOC[C@H]2C)c2cnn(C3=NN=CC3)c2n1,505.58600000000035,4.544500000000004,2,8,4,108.61,38,3,no
480,,CNc1cc(-c2c(-c3cncc4[nH]ccc34)cccc2N2CCOC[C@H]2C)nc2c1cnn2C1=NN=CC1,505.58600000000035,4.544500000000004,2,8,4,108.61000000000001,38,3,no
481,,CNc1cccc(-c2cncc3[nH]ccc23)c1-c1cc(N2CCOC[C@H]2C)c2cnn(C3=NN=CC3)c2n1,505.58600000000035,4.544500000000004,2,8,4,108.61,38,3,no
482,,CNc1cccc(-c2cncc3[nH]ccc23)c1-c1cc(N2CCOC[C@H]2C)nc2c1cnn2C1=NN=CC1,505.58600000000035,4.544500000000004,2,8,4,108.61000000000001,38,3,no
483,,COc1cccc(N2CCOC[C@H]2C)c1-c1cc(-c2cncc3[nH]ccc23)c2cnn(C3=NN=CC3)c2n1,506.57000000000016,4.511400000000004,1,8,4,105.81,38,3,no
484,,COc1cccc(N2CCOC[C@H]2C)c1-c1cc(-c2cncc3[nH]ccc23)nc2c1cnn2C1=NN=CC1,506.57000000000016,4.511400000000004,1,8,4,105.81,38,3,no
485,,COc1cccc(-c2cncc3[nH]ccc23)c1-c1cc(N2CCOC[C@H]2C)c2cnn(C3=NN=CC3)c2n1,506.57000000000033,4.511400000000004,1,8,4,105.80999999999999,38,3,no
486,,COc1cccc(-c2cncc3[nH]ccc23)c1-c1cc(N2CCOC[C@H]2C)nc2c1cnn2C1=NN=CC1,506.57000000000033,4.511400000000004,1,8,4,105.81,38,3,no
487,,COc1cc(-c2c(-c3cncc4[nH]ccc34)cccc2N2CCOC[C@H]2C)c2cnn(C3=NN=CC3)c2n1,506.5700000000004,4.511400000000004,1,8,4,105.80999999999999,38,3,no
488,,COc1cc(-c2c(-c3cncc4[nH]ccc34)cccc2N2CCOC[C@H]2C)nc2c1cnn2C1=NN=CC1,506.5700000000004,4.511400000000004,1,8,4,105.81,38,3,no
489,,C[C@@H]1COCCN1c1cc(-c2c(-c3cnc(C#N)cn3)cccc2N(C)C)c2cnn(C3=NN=CC3)c2n1,506.57400000000024,3.354180000000002,0,10,4,120.71,38,3,no
490,,C[C@@H]1COCCN1c1cc(-c2c(-c3cnc(C#N)cn3)cccc2N(C)C)nc2c1cnn2C1=NN=CC1,506.57400000000024,3.354180000000002,0,10,4,120.71000000000001,38,3,no
491,,C[C@@H]1COCCN1c1cccc(N(C)C)c1-c1cc(-c2cnc(C#N)cn2)c2cnn(C3=NN=CC3)c2n1,506.57400000000024,3.354180000000002,0,10,4,120.71,38,3,no
492,,C[C@@H]1COCCN1c1cccc(N(C)C)c1-c1cc(-c2cnc(C#N)cn2)nc2c1cnn2C1=NN=CC1,506.57400000000024,3.354180000000002,0,10,4,120.71000000000001,38,3,no
493,,C[C@@H]1COCCN1c1cccc(-c2cnc(C#N)cn2)c1-c1cc(N(C)C)c2cnn(C3=NN=CC3)c2n1,506.5740000000003,3.354180000000002,0,10,4,120.71,38,3,no
494,,C[C@@H]1COCCN1c1cccc(-c2cnc(C#N)cn2)c1-c1cc(N(C)C)nc2c1cnn2C1=NN=CC1,506.5740000000003,3.354180000000002,0,10,4,120.71000000000001,38,3,no
495,,CN(C)c1ccc(-c2ccc(-c3cc([C@]4(O)C[C@H]5CC[C@@H](C4)O5)nc4c3cnn4C3=NN=CC3)cc2)cc1,506.61000000000024,4.996400000000004,1,7,4,88.13000000000001,38,3,no
496,,CNc1c(-c2cc(C3([S@](C)(=N)=O)CC3)nc3c2cnn3C2=NN=CC2)cccc1N1CCOC[C@H]1C,506.63600000000025,3.666870000000003,2,9,5,120.85,36,3,no
497,,CNc1cc(-c2c(N3CCOC[C@H]3C)cccc2C2([S@](C)(=N)=O)CC2)c2cnn(C3=NN=CC3)c2n1,506.63600000000025,3.666870000000002,2,9,5,120.85000000000001,36,3,no
498,,CNc1cc(-c2c(N3CCOC[C@H]3C)cccc2C2([S@](C)(=N)=O)CC2)nc2c1cnn2C1=NN=CC1,506.63600000000025,3.666870000000002,2,9,5,120.85,36,3,no
499,,CNc1cccc(N2CCOC[C@H]2C)c1-c1cc(C2([S@](C)(=N)=O)CC2)c2cnn(C3=NN=CC3)c2n1,506.63600000000025,3.666870000000002,2,9,5,120.85000000000001,36,3,no
500,,CNc1cccc(N2CCOC[C@H]2C)c1-c1cc(C2([S@](C)(=N)=O)CC2)nc2c1cnn2C1=NN=CC1,506.63600000000025,3.666870000000002,2,9,5,120.85,36,3,no
501,,CNc1cccc(-c2cc(C3([S@](C)(=N)=O)CC3)nc3c2cnn3C2=NN=CC2)c1N1CCOC[C@H]1C,506.6360000000003,3.666870000000002,2,9,5,120.85,36,3,no
502,,CNc1cccc(C2([S@](C)(=N)=O)CC2)c1-c1cc(N2CCOC[C@H]2C)c2cnn(C3=NN=CC3)c2n1,506.6360000000003,3.666870000000002,2,9,5,120.85000000000001,36,3,no
503,,CNc1cccc(C2([S@](C)(=N)=O)CC2)c1-c1cc(N2CCOC[C@H]2C)nc2c1cnn2C1=NN=CC1,506.6360000000003,3.666870000000002,2,9,5,120.85,36,3,no
504,,COc1cc(-c2c(N3CCOC[C@H]3C)cccc2C2([S@](C)(=N)=O)CC2)c2cnn(C3=NN=CC3)c2n1,507.62000000000023,3.633770000000002,1,9,5,118.05,36,3,no
505,,COc1cc(-c2c(N3CCOC[C@H]3C)cccc2C2([S@](C)(=N)=O)CC2)nc2c1cnn2C1=NN=CC1,507.62000000000023,3.633770000000002,1,9,5,118.05000000000001,36,3,no
506,,COc1cccc(N2CCOC[C@H]2C)c1-c1cc(C2([S@](C)(=N)=O)CC2)c2cnn(C3=NN=CC3)c2n1,507.62000000000023,3.633770000000002,1,9,5,118.05,36,3,no
507,,COc1cccc(N2CCOC[C@H]2C)c1-c1cc(C2([S@](C)(=N)=O)CC2)nc2c1cnn2C1=NN=CC1,507.62000000000023,3.633770000000002,1,9,5,118.05000000000001,36,3,no
508,,COc1c(-c2cc(C3([S@](C)(=N)=O)CC3)nc3c2cnn3C2=NN=CC2)cccc1N1CCOC[C@H]1C,507.6200000000003,3.633770000000003,1,9,5,118.05000000000001,36,3,no
509,,COc1cccc(-c2cc(C3([S@](C)(=N)=O)CC3)nc3c2cnn3C2=NN=CC2)c1N1CCOC[C@H]1C,507.6200000000003,3.633770000000003,1,9,5,118.05000000000001,36,3,no
510,,COc1cccc(C2([S@](C)(=N)=O)CC2)c1-c1cc(N2CCOC[C@H]2C)c2cnn(C3=NN=CC3)c2n1,507.6200000000003,3.633770000000003,1,9,5,118.05,36,3,no
511,,COc1cccc(C2([S@](C)(=N)=O)CC2)c1-c1cc(N2CCOC[C@H]2C)nc2c1cnn2C1=NN=CC1,507.6200000000003,3.633770000000003,1,9,5,118.05000000000001,36,3,no
512,,CC(C)S(=O)(=O)c1ccc(Nc2cc([C@]3(O)C[C@H]4CC[C@@H](C3)O4)nc3c2cnn3C2=NN=CC2)cc1,508.6040000000003,3.522100000000002,2,9,5,131.06,36,3,no
513,,O[C@@]1(c2ccc(-c3cc([C@]4(O)C[C@H]5CC[C@@H](C4)O5)nc4c3cnn4C3=NN=CC3)cc2)C[C@H]2CC[C@@H](C1)O2,513.5980000000003,3.7924000000000033,2,8,3,114.35000000000001,38,3,no
514,,CNc1cccc([C@]2(O)C[C@H]3CC[C@@H](C2)O3)c1-c1cc(N2CCOC[C@H]2C)nc2c1cnn2C1=NN=CC1,515.6180000000002,3.5302000000000024,2,9,4,109.38999999999999,38,3,no
515,,CNc1c(-c2cc([C@]3(O)C[C@H]4CC[C@@H](C3)O4)nc3c2cnn3C2=NN=CC2)cccc1N1CCOC[C@H]1C,515.6180000000003,3.5302000000000024,2,9,4,109.38999999999999,38,3,no
516,,CNc1cc(-c2c(N3CCOC[C@H]3C)cccc2[C@]2(O)C[C@H]3CC[C@@H](C2)O3)c2cnn(C3=NN=CC3)c2n1,515.6180000000003,3.5302000000000024,2,9,4,109.39,38,3,no
517,,CNc1cc(-c2c(N3CCOC[C@H]3C)cccc2[C@]2(O)C[C@H]3CC[C@@H](C2)O3)nc2c1cnn2C1=NN=CC1,515.6180000000003,3.5302000000000024,2,9,4,109.39000000000001,38,3,no
518,,CNc1cccc(-c2cc([C@]3(O)C[C@H]4CC[C@@H](C3)O4)nc3c2cnn3C2=NN=CC2)c1N1CCOC[C@H]1C,515.6180000000003,3.5302000000000016,2,9,4,109.38999999999999,38,3,no
519,,CNc1cccc(N2CCOC[C@H]2C)c1-c1cc([C@]2(O)C[C@H]3CC[C@@H](C2)O3)c2cnn(C3=NN=CC3)c2n1,515.6180000000003,3.5302000000000024,2,9,4,109.39,38,3,no
520,,CNc1cccc(N2CCOC[C@H]2C)c1-c1cc([C@]2(O)C[C@H]3CC[C@@H](C2)O3)nc2c1cnn2C1=NN=CC1,515.6180000000003,3.5302000000000024,2,9,4,109.39000000000001,38,3,no
521,,CNc1cccc([C@]2(O)C[C@H]3CC[C@@H](C2)O3)c1-c1cc(N2CCOC[C@H]2C)c2cnn(C3=NN=CC3)c2n1,515.6180000000003,3.5302000000000024,2,9,4,109.39,38,3,no
522,,CNc1cc(-c2c(-c3ccc(S(=O)(=O)C(C)C)cc3)cccc2N(C)C)nc2c1cnn2C1=NN=CC1,515.6430000000001,4.691200000000004,1,8,6,104.84,37,3,no
523,,CNc1cccc(-c2ccc(S(=O)(=O)C(C)C)cc2)c1-c1cc(N(C)C)nc2c1cnn2C1=NN=CC1,515.6430000000001,4.691200000000004,1,8,6,104.84,37,3,no
524,,CNc1cccc(N(C)C)c1-c1cc(-c2ccc(S(=O)(=O)C(C)C)cc2)nc2c1cnn2C1=NN=CC1,515.6430000000001,4.691200000000004,1,8,6,104.84,37,3,no
525,,CNc1cc(-c2c(-c3ccc(S(=O)(=O)C(C)C)cc3)cccc2N(C)C)c2cnn(C3=NN=CC3)c2n1,515.6430000000003,4.691200000000004,1,8,6,104.84,37,3,no
526,,CNc1cccc(-c2ccc(S(=O)(=O)C(C)C)cc2)c1-c1cc(N(C)C)c2cnn(C3=NN=CC3)c2n1,515.6430000000003,4.691200000000004,1,8,6,104.84,37,3,no
527,,CNc1cccc(N(C)C)c1-c1cc(-c2ccc(S(=O)(=O)C(C)C)cc2)c2cnn(C3=NN=CC3)c2n1,515.6430000000003,4.691200000000004,1,8,6,104.84,37,3,no
528,,CNc1cc(-c2cc(-c3ccc(N(C)C)cc3)c3cnn(C4=NN=CC4)c3n2)nc2c1cnn2C1=NN=CC1,516.5730000000002,3.8899000000000026,1,10,4,126.13,39,3,no
529,,CNc1ccc(-c2cc(-c3cc(N(C)C)c4cnn(C5=NN=CC5)c4n3)nc3c2cnn3C2=NN=CC2)cc1,516.5730000000003,3.8899000000000017,1,10,4,126.13,39,3,no
530,,COc1c(-c2cc([C@]3(O)C[C@H]4CC[C@@H](C3)O4)nc3c2cnn3C2=NN=CC2)cccc1N1CCOC[C@H]1C,516.6020000000002,3.4971000000000023,1,9,4,106.59,38,3,no
531,,COc1cc(-c2c(N3CCOC[C@H]3C)cccc2[C@]2(O)C[C@H]3CC[C@@H](C2)O3)nc2c1cnn2C1=NN=CC1,516.6020000000002,3.4971000000000023,1,9,4,106.59,38,3,no
532,,COc1cccc(N2CCOC[C@H]2C)c1-c1cc([C@]2(O)C[C@H]3CC[C@@H](C2)O3)nc2c1cnn2C1=NN=CC1,516.6020000000002,3.4971000000000023,1,9,4,106.59,38,3,no
533,,COc1cccc([C@]2(O)C[C@H]3CC[C@@H](C2)O3)c1-c1cc(N2CCOC[C@H]2C)c2cnn(C3=NN=CC3)c2n1,516.6020000000002,3.4971000000000023,1,9,4,106.58999999999999,38,3,no
534,,COc1cccc([C@]2(O)C[C@H]3CC[C@@H](C2)O3)c1-c1cc(N2CCOC[C@H]2C)nc2c1cnn2C1=NN=CC1,516.6020000000002,3.4971000000000023,1,9,4,106.59,38,3,no
535,,COc1cc(-c2c(N3CCOC[C@H]3C)cccc2[C@]2(O)C[C@H]3CC[C@@H](C2)O3)c2cnn(C3=NN=CC3)c2n1,516.6020000000003,3.4971000000000023,1,9,4,106.59000000000002,38,3,no
536,,COc1cccc(-c2cc([C@]3(O)C[C@H]4CC[C@@H](C3)O4)nc3c2cnn3C2=NN=CC2)c1N1CCOC[C@H]1C,516.6020000000003,3.4971000000000014,1,9,4,106.59,38,3,no
537,,COc1cccc(N2CCOC[C@H]2C)c1-c1cc([C@]2(O)C[C@H]3CC[C@@H](C2)O3)c2cnn(C3=NN=CC3)c2n1,516.6020000000003,3.4971000000000023,1,9,4,106.59000000000002,38,3,no
538,,COc1cc(-c2c(-c3ccc(S(=O)(=O)C(C)C)cc3)cccc2N(C)C)c2cnn(C3=NN=CC3)c2n1,516.6270000000002,4.658100000000004,0,8,6,102.04,37,3,no
539,,COc1cc(-c2c(-c3ccc(S(=O)(=O)C(C)C)cc3)cccc2N(C)C)nc2c1cnn2C1=NN=CC1,516.6270000000002,4.658100000000004,0,8,6,102.04000000000002,37,3,no
540,,COc1cccc(-c2ccc(S(=O)(=O)C(C)C)cc2)c1-c1cc(N(C)C)c2cnn(C3=NN=CC3)c2n1,516.6270000000002,4.658100000000004,0,8,6,102.04,37,3,no
541,,COc1cccc(-c2ccc(S(=O)(=O)C(C)C)cc2)c1-c1cc(N(C)C)nc2c1cnn2C1=NN=CC1,516.6270000000002,4.658100000000004,0,8,6,102.04000000000002,37,3,no
542,,COc1cccc(N(C)C)c1-c1cc(-c2ccc(S(=O)(=O)C(C)C)cc2)c2cnn(C3=NN=CC3)c2n1,516.6270000000002,4.658100000000005,0,8,6,102.04,37,3,no
543,,COc1cccc(N(C)C)c1-c1cc(-c2ccc(S(=O)(=O)C(C)C)cc2)nc2c1cnn2C1=NN=CC1,516.6270000000002,4.658100000000005,0,8,6,102.03999999999999,37,3,no
544,,COc1cc(-c2cc(-c3ccc(N(C)C)cc3)c3cnn(C4=NN=CC4)c3n2)nc2c1cnn2C1=NN=CC1,517.5570000000001,3.8568000000000024,0,10,4,123.33000000000001,39,3,no
545,,COc1ccc(-c2cc(-c3cc(N(C)C)c4cnn(C5=NN=CC5)c4n3)nc3c2cnn3C2=NN=CC2)cc1,517.5570000000002,3.8568000000000024,0,10,4,123.33000000000001,39,3,no
546,,O[C@@]1(c2cc(-c3ccc(Nc4cncc5[nH]ccc45)cc3)c3cnn(C4=NN=CC4)c3n2)C[C@H]2CC[C@@H](C1)O2,518.5810000000004,4.883300000000004,3,8,4,125.6,39,3,no
547,,O[C@@]1(c2cc(Nc3ccc(-c4cncc5[nH]ccc45)cc3)c3cnn(C4=NN=CC4)c3n2)C[C@H]2CC[C@@H](C1)O2,518.5810000000004,4.883300000000004,3,8,4,125.6,39,3,no
548,,O[C@@]1(c2cc(-c3ccc(Oc4cncc5[nH]ccc45)cc3)c3cnn(C4=NN=CC4)c3n2)C[C@H]2CC[C@@H](C1)O2,519.5650000000003,4.932000000000005,2,8,4,122.80000000000001,39,3,no
549,,C[C@@H]1COCCN1c1cc(-c2c(-c3cncc4[nH]ccc34)cccc2N(C)C)nc2c1cnn2C1=NN=CC1,519.6130000000002,4.568800000000003,1,8,4,99.82,39,3,no
550,,C[C@@H]1COCCN1c1cccc(N(C)C)c1-c1cc(-c2cncc3[nH]ccc23)c2cnn(C3=NN=CC3)c2n1,519.6130000000002,4.568800000000004,1,8,4,99.82,39,3,no
551,,C[C@@H]1COCCN1c1cccc(N(C)C)c1-c1cc(-c2cncc3[nH]ccc23)nc2c1cnn2C1=NN=CC1,519.6130000000002,4.568800000000004,1,8,4,99.82,39,3,no
552,,C[C@@H]1COCCN1c1cc(-c2c(-c3cncc4[nH]ccc34)cccc2N(C)C)c2cnn(C3=NN=CC3)c2n1,519.6130000000003,4.568800000000003,1,8,4,99.82,39,3,no
553,,C[C@@H]1COCCN1c1cccc(-c2cncc3[nH]ccc23)c1-c1cc(N(C)C)c2cnn(C3=NN=CC3)c2n1,519.6130000000003,4.568800000000003,1,8,4,99.82,39,3,no
554,,C[C@@H]1COCCN1c1cccc(-c2cncc3[nH]ccc23)c1-c1cc(N(C)C)nc2c1cnn2C1=NN=CC1,519.6130000000003,4.568800000000003,1,8,4,99.82,39,3,no
555,,C[C@@H]1COCCN1c1cc(-c2c(N(C)C)cccc2C2([S@](C)(=N)=O)CC2)c2cnn(C3=NN=CC3)c2n1,520.6630000000002,3.6911700000000023,1,9,5,112.06000000000002,37,3,no
556,,C[C@@H]1COCCN1c1cc(-c2c(N(C)C)cccc2C2([S@](C)(=N)=O)CC2)nc2c1cnn2C1=NN=CC1,520.6630000000002,3.6911700000000023,1,9,5,112.06,37,3,no
557,,C[C@@H]1COCCN1c1cccc(C2([S@](C)(=N)=O)CC2)c1-c1cc(N(C)C)nc2c1cnn2C1=NN=CC1,520.6630000000002,3.691170000000003,1,9,5,112.06,37,3,no
558,,C[C@@H]1COCCN1c1cccc(N(C)C)c1-c1cc(C2([S@](C)(=N)=O)CC2)c2cnn(C3=NN=CC3)c2n1,520.6630000000002,3.6911700000000023,1,9,5,112.06000000000002,37,3,no
559,,C[C@@H]1COCCN1c1cccc(N(C)C)c1-c1cc(C2([S@](C)(=N)=O)CC2)nc2c1cnn2C1=NN=CC1,520.6630000000002,3.6911700000000023,1,9,5,112.06,37,3,no
560,,C[C@@H]1COCCN1c1c(-c2cc(C3([S@](C)(=N)=O)CC3)nc3c2cnn3C2=NN=CC2)cccc1N(C)C,520.6630000000004,3.6911700000000023,1,9,5,112.05999999999999,37,3,no
561,,C[C@@H]1COCCN1c1cccc(-c2cc(C3([S@](C)(=N)=O)CC3)nc3c2cnn3C2=NN=CC2)c1N(C)C,520.6630000000004,3.691170000000003,1,9,5,112.05999999999999,37,3,no
562,,C[C@@H]1COCCN1c1cccc(C2([S@](C)(=N)=O)CC2)c1-c1cc(N(C)C)c2cnn(C3=NN=CC3)c2n1,520.6630000000004,3.6911700000000023,1,9,5,112.06000000000002,37,3,no
563,,CC(C)S(=O)(=O)c1ccc(CNc2cc([C@]3(O)C[C@H]4CC[C@@H](C3)O4)nc3c2cnn3C2=NN=CC2)cc1,522.6310000000004,3.390600000000002,2,9,6,131.06,37,3,no
564,,O[C@@]1(c2ccc(Nc3cc([C@]4(O)C[C@H]5CC[C@@H](C4)O5)nc4c3cnn4C3=NN=CC3)cc2)C[C@H]2CC[C@@H](C1)O2,528.6130000000003,3.8690000000000033,3,9,4,126.38000000000001,39,3,no
565,,C[C@@H]1COCCN1c1c(-c2cc([C@]3(O)C[C@H]4CC[C@@H](C3)O4)nc3c2cnn3C2=NN=CC2)cccc1N(C)C,529.6450000000002,3.5545000000000027,1,9,4,100.60000000000001,39,3,no
566,,C[C@@H]1COCCN1c1cccc([C@]2(O)C[C@H]3CC[C@@H](C2)O3)c1-c1cc(N(C)C)c2cnn(C3=NN=CC3)c2n1,529.6450000000002,3.5545000000000027,1,9,4,100.60000000000001,39,3,no
567,,C[C@@H]1COCCN1c1cccc([C@]2(O)C[C@H]3CC[C@@H](C2)O3)c1-c1cc(N(C)C)nc2c1cnn2C1=NN=CC1,529.6450000000002,3.5545000000000027,1,9,4,100.60000000000002,39,3,no
568,,C[C@@H]1COCCN1c1cc(-c2c(N(C)C)cccc2[C@]2(O)C[C@H]3CC[C@@H](C2)O3)c2cnn(C3=NN=CC3)c2n1,529.6450000000003,3.5545000000000027,1,9,4,100.6,39,3,no
569,,C[C@@H]1COCCN1c1cc(-c2c(N(C)C)cccc2[C@]2(O)C[C@H]3CC[C@@H](C2)O3)nc2c1cnn2C1=NN=CC1,529.6450000000003,3.5545000000000027,1,9,4,100.6,39,3,no
570,,C[C@@H]1COCCN1c1cccc(-c2cc([C@]3(O)C[C@H]4CC[C@@H](C3)O4)nc3c2cnn3C2=NN=CC2)c1N(C)C,529.6450000000003,3.5545000000000027,1,9,4,100.60000000000001,39,3,no
571,,C[C@@H]1COCCN1c1cccc(N(C)C)c1-c1cc([C@]2(O)C[C@H]3CC[C@@H](C2)O3)c2cnn(C3=NN=CC3)c2n1,529.6450000000003,3.5545000000000027,1,9,4,100.6,39,3,no
572,,C[C@@H]1COCCN1c1cccc(N(C)C)c1-c1cc([C@]2(O)C[C@H]3CC[C@@H](C2)O3)nc2c1cnn2C1=NN=CC1,529.6450000000003,3.5545000000000027,1,9,4,100.6,39,3,no
573,,CC(C)S(=O)(=O)c1ccc(-c2cc(-c3c(N(C)C)cccc3N(C)C)c3cnn(C4=NN=CC4)c3n2)cc1,529.6700000000003,4.715500000000004,0,8,6,96.05000000000001,38,3,no
574,,CC(C)S(=O)(=O)c1ccc(-c2cc(-c3c(N(C)C)cccc3N(C)C)nc3c2cnn3C2=NN=CC2)cc1,529.6700000000003,4.715500000000004,0,8,6,96.05000000000001,38,3,no
575,,CC(C)S(=O)(=O)c1ccc(-c2cccc(N(C)C)c2-c2cc(N(C)C)c3cnn(C4=NN=CC4)c3n2)cc1,529.6700000000003,4.715500000000004,0,8,6,96.05000000000001,38,3,no
576,,CC(C)S(=O)(=O)c1ccc(-c2cccc(N(C)C)c2-c2cc(N(C)C)nc3c2cnn3C2=NN=CC2)cc1,529.6700000000003,4.715500000000004,0,8,6,96.05000000000001,38,3,no
577,,CN(C)c1ccc(-c2cc(-c3cc(N(C)C)c4cnn(C5=NN=CC5)c4n3)nc3c2cnn3C2=NN=CC2)cc1,530.6000000000003,3.914200000000003,0,10,4,117.34,40,3,no
578,,CNc1cccc([C@]2(O)C[C@H]3CC[C@@H](C2)O3)c1-c1cc(-c2cncc3[nH]ccc23)c2cnn(C3=NN=CC3)c2n1,532.6080000000001,4.848400000000003,3,8,4,125.59999999999998,40,3,no
579,,CNc1cccc([C@]2(O)C[C@H]3CC[C@@H](C2)O3)c1-c1cc(-c2cncc3[nH]ccc23)nc2c1cnn2C1=NN=CC1,532.6080000000001,4.848400000000003,3,8,4,125.6,40,3,no
580,,CNc1cccc(-c2cc([C@]3(O)C[C@H]4CC[C@@H](C3)O4)nc3c2cnn3C2=NN=CC2)c1-c1cncc2[nH]ccc12,532.6080000000002,4.848400000000003,3,8,4,125.6,40,3,no
581,,CNc1c(-c2cncc3[nH]ccc23)cccc1-c1cc([C@]2(O)C[C@H]3CC[C@@H](C2)O3)nc2c1cnn2C1=NN=CC1,532.6080000000003,4.848400000000004,3,8,4,125.6,40,3,no
582,,CNc1cc(-c2c(-c3cncc4[nH]ccc34)cccc2[C@]2(O)C[C@H]3CC[C@@H](C2)O3)c2cnn(C3=NN=CC3)c2n1,532.6080000000003,4.848400000000004,3,8,4,125.60000000000001,40,3,no
583,,CNc1cc(-c2c(-c3cncc4[nH]ccc34)cccc2[C@]2(O)C[C@H]3CC[C@@H](C2)O3)nc2c1cnn2C1=NN=CC1,532.6080000000003,4.848400000000004,3,8,4,125.6,40,3,no
584,,CNc1cccc(-c2cncc3[nH]ccc23)c1-c1cc([C@]2(O)C[C@H]3CC[C@@H](C2)O3)c2cnn(C3=NN=CC3)c2n1,532.6080000000003,4.848400000000004,3,8,4,125.60000000000001,40,3,no
585,,CNc1cccc(-c2cncc3[nH]ccc23)c1-c1cc([C@]2(O)C[C@H]3CC[C@@H](C2)O3)nc2c1cnn2C1=NN=CC1,532.6080000000003,4.848400000000004,3,8,4,125.6,40,3,no
586,,COc1cccc([C@]2(O)C[C@H]3CC[C@@H](C2)O3)c1-c1cc(-c2cncc3[nH]ccc23)c2cnn(C3=NN=CC3)c2n1,533.5920000000001,4.815300000000004,2,8,4,122.8,40,3,no
587,,COc1cccc([C@]2(O)C[C@H]3CC[C@@H](C2)O3)c1-c1cc(-c2cncc3[nH]ccc23)nc2c1cnn2C1=NN=CC1,533.5920000000001,4.815300000000004,2,8,4,122.80000000000001,40,3,no
588,,COc1cccc(-c2cc([C@]3(O)C[C@H]4CC[C@@H](C3)O4)nc3c2cnn3C2=NN=CC2)c1-c1cncc2[nH]ccc12,533.5920000000002,4.815300000000003,2,8,4,122.80000000000001,40,3,no
589,,COc1c(-c2cncc3[nH]ccc23)cccc1-c1cc([C@]2(O)C[C@H]3CC[C@@H](C2)O3)nc2c1cnn2C1=NN=CC1,533.5920000000003,4.815300000000004,2,8,4,122.80000000000001,40,3,no
590,,COc1cc(-c2c(-c3cncc4[nH]ccc34)cccc2[C@]2(O)C[C@H]3CC[C@@H](C2)O3)c2cnn(C3=NN=CC3)c2n1,533.5920000000003,4.815300000000004,2,8,4,122.8,40,3,no
591,,COc1cc(-c2c(-c3cncc4[nH]ccc34)cccc2[C@]2(O)C[C@H]3CC[C@@H](C2)O3)nc2c1cnn2C1=NN=CC1,533.5920000000003,4.815300000000004,2,8,4,122.80000000000001,40,3,no
592,,COc1cccc(-c2cncc3[nH]ccc23)c1-c1cc([C@]2(O)C[C@H]3CC[C@@H](C2)O3)c2cnn(C3=NN=CC3)c2n1,533.5920000000003,4.815300000000004,2,8,4,122.8,40,3,no
593,,COc1cccc(-c2cncc3[nH]ccc23)c1-c1cc([C@]2(O)C[C@H]3CC[C@@H](C2)O3)nc2c1cnn2C1=NN=CC1,533.5920000000003,4.815300000000004,2,8,4,122.80000000000001,40,3,no
594,,CNc1cccc([C@]2(O)C[C@H]3CC[C@@H](C2)O3)c1-c1cc([C@]2(O)C[C@H]3CC[C@@H](C2)O3)c2cnn(C3=NN=CC3)c2n1,542.6400000000001,3.834100000000003,3,9,4,126.38000000000001,40,3,no
595,,CNc1c(-c2cc([C@]3(O)C[C@H]4CC[C@@H](C3)O4)nc3c2cnn3C2=NN=CC2)cccc1[C@]1(O)C[C@H]2CC[C@@H](C1)O2,542.6400000000002,3.834100000000003,3,9,4,126.38,40,3,no
596,,CNc1cc(-c2c([C@]3(O)C[C@H]4CC[C@@H](C3)O4)cccc2[C@]2(O)C[C@H]3CC[C@@H](C2)O3)c2cnn(C3=NN=CC3)c2n1,542.6400000000002,3.834100000000003,3,9,4,126.38000000000001,40,3,no
597,,CNc1cc(-c2c([C@]3(O)C[C@H]4CC[C@@H](C3)O4)cccc2[C@]2(O)C[C@H]3CC[C@@H](C2)O3)nc2c1cnn2C1=NN=CC1,542.6400000000002,3.834100000000003,3,9,4,126.38,40,3,no
598,,CNc1cccc([C@]2(O)C[C@H]3CC[C@@H](C2)O3)c1-c1cc([C@]2(O)C[C@H]3CC[C@@H](C2)O3)nc2c1cnn2C1=NN=CC1,542.6400000000002,3.834100000000003,3,9,4,126.38,40,3,no
599,,CNc1cccc(-c2cc([C@]3(O)C[C@H]4CC[C@@H](C3)O4)nc3c2cnn3C2=NN=CC2)c1[C@]1(O)C[C@H]2CC[C@@H](C1)O2,542.6400000000003,3.834100000000002,3,9,4,126.38,40,3,no
600,,COc1cc(-c2c([C@]3(O)C[C@H]4CC[C@@H](C3)O4)cccc2[C@]2(O)C[C@H]3CC[C@@H](C2)O3)c2cnn(C3=NN=CC3)c2n1,543.6240000000001,3.801000000000003,2,9,4,123.58,40,3,no
601,,COc1cccc([C@]2(O)C[C@H]3CC[C@@H](C2)O3)c1-c1cc([C@]2(O)C[C@H]3CC[C@@H](C2)O3)c2cnn(C3=NN=CC3)c2n1,543.6240000000001,3.801000000000002,2,9,4,123.58,40,3,no
602,,COc1cccc([C@]2(O)C[C@H]3CC[C@@H](C2)O3)c1-c1cc([C@]2(O)C[C@H]3CC[C@@H](C2)O3)nc2c1cnn2C1=NN=CC1,543.6240000000001,3.801000000000003,2,9,4,123.58000000000001,40,3,no
603,,COc1c(-c2cc([C@]3(O)C[C@H]4CC[C@@H](C3)O4)nc3c2cnn3C2=NN=CC2)cccc1[C@]1(O)C[C@H]2CC[C@@H](C1)O2,543.6240000000003,3.801000000000003,2,9,4,123.58000000000001,40,3,no
604,,COc1cc(-c2c([C@]3(O)C[C@H]4CC[C@@H](C3)O4)cccc2[C@]2(O)C[C@H]3CC[C@@H](C2)O3)nc2c1cnn2C1=NN=CC1,543.6240000000003,3.801000000000003,2,9,4,123.58000000000001,40,3,no
605,,COc1cccc(-c2cc([C@]3(O)C[C@H]4CC[C@@H](C3)O4)nc3c2cnn3C2=NN=CC2)c1[C@]1(O)C[C@H]2CC[C@@H](C1)O2,543.6240000000003,3.801000000000002,2,9,4,123.58000000000001,40,3,no
606,,CN(C)c1cccc([C@]2(O)C[C@H]3CC[C@@H](C2)O3)c1-c1cc(-c2cncc3[nH]ccc23)c2cnn(C3=NN=CC3)c2n1,546.635,4.872700000000004,2,8,4,116.81000000000002,41,3,no
607,,CN(C)c1cccc([C@]2(O)C[C@H]3CC[C@@H](C2)O3)c1-c1cc(-c2cncc3[nH]ccc23)nc2c1cnn2C1=NN=CC1,546.6350000000001,4.872700000000004,2,8,4,116.81,41,3,no
608,,CN(C)c1c(-c2cncc3[nH]ccc23)cccc1-c1cc([C@]2(O)C[C@H]3CC[C@@H](C2)O3)nc2c1cnn2C1=NN=CC1,546.6350000000002,4.872700000000004,2,8,4,116.81,41,3,no
609,,CN(C)c1cc(-c2c(-c3cncc4[nH]ccc34)cccc2[C@]2(O)C[C@H]3CC[C@@H](C2)O3)c2cnn(C3=NN=CC3)c2n1,546.6350000000002,4.872700000000004,2,8,4,116.81000000000002,41,3,no
610,,CN(C)c1cccc(-c2cc([C@]3(O)C[C@H]4CC[C@@H](C3)O4)nc3c2cnn3C2=NN=CC2)c1-c1cncc2[nH]ccc12,546.6350000000002,4.872700000000004,2,8,4,116.81,41,3,no
611,,CN(C)c1cccc(-c2cncc3[nH]ccc23)c1-c1cc([C@]2(O)C[C@H]3CC[C@@H](C2)O3)c2cnn(C3=NN=CC3)c2n1,546.6350000000002,4.8727000000000045,2,8,4,116.81000000000002,41,3,no
612,,CN(C)c1cccc(-c2cncc3[nH]ccc23)c1-c1cc([C@]2(O)C[C@H]3CC[C@@H](C2)O3)nc2c1cnn2C1=NN=CC1,546.6350000000002,4.8727000000000045,2,8,4,116.81,41,3,no
613,,CN(C)c1cc(-c2c(-c3cncc4[nH]ccc34)cccc2[C@]2(O)C[C@H]3CC[C@@H](C2)O3)nc2c1cnn2C1=NN=CC1,546.6350000000003,4.872700000000004,2,8,4,116.81,41,3,no
614,,CN(C)c1c(-c2cc([C@]3(O)C[C@H]4CC[C@@H](C3)O4)nc3c2cnn3C2=NN=CC2)cccc1C1([S@](C)(=N)=O)CC1,547.6850000000001,3.995070000000003,2,9,5,129.05,39,3,no
615,,CN(C)c1cccc(-c2cc([C@]3(O)C[C@H]4CC[C@@H](C3)O4)nc3c2cnn3C2=NN=CC2)c1C1([S@](C)(=N)=O)CC1,547.6850000000001,3.995070000000003,2,9,5,129.05,39,3,no
616,,CN(C)c1cccc([C@]2(O)C[C@H]3CC[C@@H](C2)O3)c1-c1cc(C2([S@](C)(=N)=O)CC2)c2cnn(C3=NN=CC3)c2n1,547.6850000000001,3.995070000000003,2,9,5,129.05,39,3,no
617,,CN(C)c1cc(-c2c(C3([S@](C)(=N)=O)CC3)cccc2[C@]2(O)C[C@H]3CC[C@@H](C2)O3)c2cnn(C3=NN=CC3)c2n1,547.6850000000002,3.9950700000000037,2,9,5,129.05,39,3,no
618,,CN(C)c1cc(-c2c(C3([S@](C)(=N)=O)CC3)cccc2[C@]2(O)C[C@H]3CC[C@@H](C2)O3)nc2c1cnn2C1=NN=CC1,547.6850000000002,3.9950700000000037,2,9,5,129.05,39,3,no
619,,CN(C)c1cccc(C2([S@](C)(=N)=O)CC2)c1-c1cc([C@]2(O)C[C@H]3CC[C@@H](C2)O3)c2cnn(C3=NN=CC3)c2n1,547.6850000000002,3.9950700000000037,2,9,5,129.05,39,3,no
620,,CN(C)c1cccc(C2([S@](C)(=N)=O)CC2)c1-c1cc([C@]2(O)C[C@H]3CC[C@@H](C2)O3)nc2c1cnn2C1=NN=CC1,547.6850000000002,3.9950700000000037,2,9,5,129.05,39,3,no
621,,CN(C)c1cccc([C@]2(O)C[C@H]3CC[C@@H](C2)O3)c1-c1cc(C2([S@](C)(=N)=O)CC2)nc2c1cnn2C1=NN=CC1,547.6850000000002,3.995070000000003,2,9,5,129.05,39,3,no
622,,CN(C)c1c(-c2cc(C3([S@](C)(=N)=O)CC3)nc3c2cnn3C2=NN=CC2)cccc1[C@]1(O)C[C@H]2CC[C@@H](C1)O2,547.6850000000003,3.995070000000003,2,9,5,129.05,39,3,no
623,,CN(C)c1cccc(-c2cc(C3([S@](C)(=N)=O)CC3)nc3c2cnn3C2=NN=CC2)c1[C@]1(O)C[C@H]2CC[C@@H](C1)O2,547.6850000000003,3.995070000000003,2,9,5,129.05,39,3,no
624,,C[C@@H]1COCCN1c1cc(-c2ccc(-c3cc([C@]4(O)C[C@H]5CC[C@@H](C4)O5)nc4c3cnn4C3=NN=CC3)cc2)[nH]n1,552.6390000000004,3.8786000000000023,2,9,4,126.04,41,3,no
625,,C[C@@H]1COCCN1c1cc(-c2ccc(-c3cc([C@]4(O)C[C@H]5CC[C@@H](C4)O5)nc4c3cnn4C3=NN=CC3)cc2)n[nH]1,552.6390000000004,3.8786000000000023,2,9,4,126.04000000000002,41,3,no
626,,C[C@@H]1COCCN1c1ccc(-c2cc(-c3cc([C@]4(O)C[C@H]5CC[C@@H](C4)O5)nc4c3cnn4C3=NN=CC3)[nH]n2)cc1,552.6390000000004,3.8786000000000023,2,9,4,126.04,41,3,no
627,,C[C@@H]1COCCN1c1ccc(-c2cc(-c3cc([C@]4(O)C[C@H]5CC[C@@H](C4)O5)nc4c3cnn4C3=NN=CC3)n[nH]2)cc1,552.6390000000004,3.8786000000000023,2,9,4,126.04000000000002,41,3,no
628,,C[C@@H]1COCCN1c1ccc(-c2cc(-c3cc([C@]4(O)C[C@H]5CC[C@@H](C4)O5)nc4c3cnn4C3=NN=CC3)on2)cc1,553.6230000000003,4.143500000000003,1,10,4,123.39000000000001,41,3,no
629,,C[C@@H]1COCCN1c1cc(-c2ccc(-c3cc([C@]4(O)C[C@H]5CC[C@@H](C4)O5)nc4c3cnn4C3=NN=CC3)cc2)no1,553.6230000000004,4.143500000000003,1,10,4,123.39000000000001,41,3,no
630,,C[C@@H]1COCCN1c1cc(-c2ccc(-c3cc([C@]4(O)C[C@H]5CC[C@@H](C4)O5)nc4c3cnn4C3=NN=CC3)cc2)on1,553.6230000000004,4.143500000000003,1,10,4,123.39000000000001,41,3,no
631,,C[C@@H]1COCCN1c1ccc(-c2cc(-c3cc([C@]4(O)C[C@H]5CC[C@@H](C4)O5)nc4c3cnn4C3=NN=CC3)no2)cc1,553.6230000000004,4.143500000000003,1,10,4,123.39000000000001,41,3,no
632,,CN(C)c1cc(-c2c([C@]3(O)C[C@H]4CC[C@@H](C3)O4)cccc2[C@]2(O)C[C@H]3CC[C@@H](C2)O3)c2cnn(C3=NN=CC3)c2n1,556.6670000000001,3.858400000000003,2,9,4,117.59000000000002,41,3,no
633,,CN(C)c1cc(-c2c([C@]3(O)C[C@H]4CC[C@@H](C3)O4)cccc2[C@]2(O)C[C@H]3CC[C@@H](C2)O3)nc2c1cnn2C1=NN=CC1,556.6670000000001,3.858400000000003,2,9,4,117.59,41,3,no
634,,CN(C)c1cccc([C@]2(O)C[C@H]3CC[C@@H](C2)O3)c1-c1cc([C@]2(O)C[C@H]3CC[C@@H](C2)O3)c2cnn(C3=NN=CC3)c2n1,556.6670000000001,3.858400000000003,2,9,4,117.59000000000002,41,3,no
635,,CN(C)c1cccc([C@]2(O)C[C@H]3CC[C@@H](C2)O3)c1-c1cc([C@]2(O)C[C@H]3CC[C@@H](C2)O3)nc2c1cnn2C1=NN=CC1,556.6670000000001,3.858400000000003,2,9,4,117.59,41,3,no
636,,CN(C)c1c(-c2cc([C@]3(O)C[C@H]4CC[C@@H](C3)O4)nc3c2cnn3C2=NN=CC2)cccc1[C@]1(O)C[C@H]2CC[C@@H](C1)O2,556.6670000000003,3.858400000000003,2,9,4,117.59000000000002,41,3,no
637,,CN(C)c1cccc(-c2cc([C@]3(O)C[C@H]4CC[C@@H](C3)O4)nc3c2cnn3C2=NN=CC2)c1[C@]1(O)C[C@H]2CC[C@@H](C1)O2,556.6670000000003,3.858400000000003,2,9,4,117.59000000000002,41,3,no
638,,C[C@@H]1COCCN1c1cc(-c2c(N3CCOC[C@H]3C)cccc2N2CCOC[C@H]2C)c2cnn(C3=NN=CC3)c2n1,558.6870000000001,3.4097000000000026,0,10,4,92.84,41,3,no
639,,C[C@@H]1COCCN1c1cccc(N2CCOC[C@H]2C)c1-c1cc(N2CCOC[C@H]2C)c2cnn(C3=NN=CC3)c2n1,558.6870000000002,3.4097000000000026,0,10,4,92.84,41,3,no
640,,CNc1cccc(N2CCOC[C@H]2C)c1-c1cc(-c2ccc(S(=O)(=O)C(C)C)cc2)c2cnn(C3=NN=CC3)c2n1,571.707,4.850300000000004,1,9,6,114.07000000000001,41,3,no
641,,CNc1cccc(N2CCOC[C@H]2C)c1-c1cc(-c2ccc(S(=O)(=O)C(C)C)cc2)nc2c1cnn2C1=NN=CC1,571.707,4.850300000000004,1,9,6,114.07,41,3,no
642,,CNc1cc(-c2c(-c3ccc(S(=O)(=O)C(C)C)cc3)cccc2N2CCOC[C@H]2C)c2cnn(C3=NN=CC3)c2n1,571.7070000000001,4.850300000000004,1,9,6,114.07000000000001,41,3,no
643,,CNc1cc(-c2c(-c3ccc(S(=O)(=O)C(C)C)cc3)cccc2N2CCOC[C@H]2C)nc2c1cnn2C1=NN=CC1,571.7070000000001,4.850300000000004,1,9,6,114.07,41,3,no
644,,CNc1cccc(-c2ccc(S(=O)(=O)C(C)C)cc2)c1-c1cc(N2CCOC[C@H]2C)c2cnn(C3=NN=CC3)c2n1,571.7070000000001,4.850300000000004,1,9,6,114.07000000000001,41,3,no
645,,CNc1cccc(-c2ccc(S(=O)(=O)C(C)C)cc2)c1-c1cc(N2CCOC[C@H]2C)nc2c1cnn2C1=NN=CC1,571.7070000000001,4.850300000000004,1,9,6,114.07,41,3,no
646,,COc1cccc(N2CCOC[C@H]2C)c1-c1cc(-c2ccc(S(=O)(=O)C(C)C)cc2)c2cnn(C3=NN=CC3)c2n1,572.691,4.817200000000004,0,9,6,111.27,41,3,no
647,,COc1cccc(N2CCOC[C@H]2C)c1-c1cc(-c2ccc(S(=O)(=O)C(C)C)cc2)nc2c1cnn2C1=NN=CC1,572.691,4.817200000000004,0,9,6,111.27000000000001,41,3,no
648,,COc1cc(-c2c(-c3ccc(S(=O)(=O)C(C)C)cc3)cccc2N2CCOC[C@H]2C)c2cnn(C3=NN=CC3)c2n1,572.6910000000001,4.817200000000004,0,9,6,111.27,41,3,no
649,,COc1cc(-c2c(-c3ccc(S(=O)(=O)C(C)C)cc3)cccc2N2CCOC[C@H]2C)nc2c1cnn2C1=NN=CC1,572.6910000000001,4.817200000000004,0,9,6,111.27000000000001,41,3,no
650,,COc1cccc(-c2ccc(S(=O)(=O)C(C)C)cc2)c1-c1cc(N2CCOC[C@H]2C)c2cnn(C3=NN=CC3)c2n1,572.6910000000001,4.817200000000004,0,9,6,111.27,41,3,no
651,,COc1cccc(-c2ccc(S(=O)(=O)C(C)C)cc2)c1-c1cc(N2CCOC[C@H]2C)nc2c1cnn2C1=NN=CC1,572.6910000000001,4.817200000000004,0,9,6,111.27000000000001,41,3,no
652,,C[C@@H]1COCCN1c1cccc(N2CCOC[C@H]2C)c1-c1cc(-c2cncc3[nH]ccc23)c2cnn(C3=NN=CC3)c2n1,575.677,4.7279000000000035,1,9,4,109.05,43,3,no
653,,C[C@@H]1COCCN1c1cccc(N2CCOC[C@H]2C)c1-c1cc(-c2cncc3[nH]ccc23)nc2c1cnn2C1=NN=CC1,575.677,4.7279000000000035,1,9,4,109.04999999999998,43,3,no
654,,C[C@@H]1COCCN1c1cc(-c2c(-c3cncc4[nH]ccc34)cccc2N2CCOC[C@H]2C)c2cnn(C3=NN=CC3)c2n1,575.6770000000001,4.7279000000000035,1,9,4,109.05,43,3,no
655,,C[C@@H]1COCCN1c1cccc(-c2cncc3[nH]ccc23)c1-c1cc(N2CCOC[C@H]2C)c2cnn(C3=NN=CC3)c2n1,575.6770000000002,4.7279000000000035,1,9,4,109.05,43,3,no
656,,C[C@@H]1COCCN1c1cc(-c2c(N3CCOC[C@H]3C)cccc2C2([S@](C)(=N)=O)CC2)c2cnn(C3=NN=CC3)c2n1,576.7270000000001,3.8502700000000027,1,10,5,121.29,41,3,no
657,,C[C@@H]1COCCN1c1cccc(N2CCOC[C@H]2C)c1-c1cc(C2([S@](C)(=N)=O)CC2)c2cnn(C3=NN=CC3)c2n1,576.7270000000001,3.8502700000000027,1,10,5,121.29,41,3,no
658,,C[C@@H]1COCCN1c1cccc(N2CCOC[C@H]2C)c1-c1cc(C2([S@](C)(=N)=O)CC2)nc2c1cnn2C1=NN=CC1,576.7270000000001,3.8502700000000027,1,10,5,121.29000000000002,41,3,no
659,,C[C@@H]1COCCN1c1cccc(-c2cc(C3([S@](C)(=N)=O)CC3)nc3c2cnn3C2=NN=CC2)c1N1CCOC[C@H]1C,576.7270000000002,3.8502700000000036,1,10,5,121.28999999999999,41,3,no
660,,C[C@@H]1COCCN1c1cccc(C2([S@](C)(=N)=O)CC2)c1-c1cc(N2CCOC[C@H]2C)c2cnn(C3=NN=CC3)c2n1,576.7270000000002,3.8502700000000027,1,10,5,121.29,41,3,no
661,,C[C@@H]1COCCN1c1cc(-c2c(N3CCOC[C@H]3C)cccc2[C@]2(O)C[C@H]3CC[C@@H](C2)O3)c2cnn(C3=NN=CC3)c2n1,585.7090000000001,3.713600000000003,1,10,4,109.83,43,3,no
662,,C[C@@H]1COCCN1c1cccc(-c2cc([C@]3(O)C[C@H]4CC[C@@H](C3)O4)nc3c2cnn3C2=NN=CC2)c1N1CCOC[C@H]1C,585.7090000000002,3.713600000000003,1,10,4,109.83000000000001,43,3,no
663,,C[C@@H]1COCCN1c1cccc(N2CCOC[C@H]2C)c1-c1cc([C@]2(O)C[C@H]3CC[C@@H](C2)O3)c2cnn(C3=NN=CC3)c2n1,585.7090000000002,3.713600000000003,1,10,4,109.83,43,3,no
664,,C[C@@H]1COCCN1c1cccc(N2CCOC[C@H]2C)c1-c1cc([C@]2(O)C[C@H]3CC[C@@H](C2)O3)nc2c1cnn2C1=NN=CC1,585.7090000000002,3.713600000000003,1,10,4,109.83000000000001,43,3,no
665,,C[C@@H]1COCCN1c1cccc([C@]2(O)C[C@H]3CC[C@@H](C2)O3)c1-c1cc(N2CCOC[C@H]2C)c2cnn(C3=NN=CC3)c2n1,585.7090000000002,3.7136000000000022,1,10,4,109.83,43,3,no
666,,CC(C)S(=O)(=O)c1ccc(-c2cc(-c3c(N(C)C)cccc3N3CCOC[C@H]3C)c3cnn(C4=NN=CC4)c3n2)cc1,585.7340000000002,4.8746000000000045,0,9,6,105.28000000000002,42,3,no
667,,CC(C)S(=O)(=O)c1ccc(-c2cc(-c3c(N(C)C)cccc3N3CCOC[C@H]3C)nc3c2cnn3C2=NN=CC2)cc1,585.7340000000002,4.8746000000000045,0,9,6,105.28,42,3,no
668,,CC(C)S(=O)(=O)c1ccc(-c2cccc(N(C)C)c2-c2cc(N3CCOC[C@H]3C)c3cnn(C4=NN=CC4)c3n2)cc1,585.7340000000003,4.8746000000000045,0,9,6,105.28000000000002,42,3,no
669,,CC(C)S(=O)(=O)c1ccc(-c2cccc(N(C)C)c2-c2cc(N3CCOC[C@H]3C)nc3c2cnn3C2=NN=CC2)cc1,585.7340000000003,4.8746000000000045,0,9,6,105.28,42,3,no
670,,CC(C)S(=O)(=O)c1ccc(-c2cccc(N3CCOC[C@H]3C)c2-c2cc(N(C)C)c3cnn(C4=NN=CC4)c3n2)cc1,585.7340000000003,4.8746000000000045,0,9,6,105.28,42,3,no
671,,CC(C)S(=O)(=O)c1ccc(-c2cccc(N3CCOC[C@H]3C)c2-c2cc(N(C)C)nc3c2cnn3C2=NN=CC2)cc1,585.7340000000003,4.8746000000000045,0,9,6,105.28,42,3,no
672,,C[C@@H]1COCCN1c1c(-c2cc([C@]3(O)C[C@H]4CC[C@@H](C3)O4)nc3c2cnn3C2=NN=CC2)cccc1[C@]1(O)C[C@H]2CC[C@@H](C1)O2,612.731,4.017500000000003,2,10,4,126.82000000000002,45,3,no
673,,C[C@@H]1COCCN1c1cc(-c2c([C@]3(O)C[C@H]4CC[C@@H](C3)O4)cccc2[C@]2(O)C[C@H]3CC[C@@H](C2)O3)c2cnn(C3=NN=CC3)c2n1,612.731,4.017500000000003,2,10,4,126.82000000000001,45,3,no
674,,C[C@@H]1COCCN1c1cc(-c2c([C@]3(O)C[C@H]4CC[C@@H](C3)O4)cccc2[C@]2(O)C[C@H]3CC[C@@H](C2)O3)nc2c1cnn2C1=NN=CC1,612.7310000000001,4.017500000000003,2,10,4,126.82000000000002,45,3,no
675,,C[C@@H]1COCCN1c1cccc(-c2cc([C@]3(O)C[C@H]4CC[C@@H](C3)O4)nc3c2cnn3C2=NN=CC2)c1[C@]1(O)C[C@H]2CC[C@@H](C1)O2,612.7310000000001,4.017500000000004,2,10,4,126.82000000000002,45,3,no
676,,C[C@@H]1COCCN1c1cccc([C@]2(O)C[C@H]3CC[C@@H](C2)O3)c1-c1cc([C@]2(O)C[C@H]3CC[C@@H](C2)O3)c2cnn(C3=NN=CC3)c2n1,612.7310000000001,4.017500000000003,2,10,4,126.82000000000001,45,3,no
677,,C[C@@H]1COCCN1c1cccc([C@]2(O)C[C@H]3CC[C@@H](C2)O3)c1-c1cc([C@]2(O)C[C@H]3CC[C@@H](C2)O3)nc2c1cnn2C1=NN=CC1,612.7310000000001,4.017500000000003,2,10,4,126.82000000000002,45,3,no
